user_interest,location,budget,event_category,event_price,event_popularity
Technology,Chennai,1000,Workshop,500,91
Sports,Madurai,500,Football,300,84
Music,Chennai,1500,Concert,800,96
Education,Coimbatore,750,Training,600,73
Gaming,Bangalore,2000,Esports,1000,88
Travel,Madurai,850,Esports,1050,80
Health,Pune,250,Workshop,200,66
Sports,Madurai,1500,Esports,1250,72
Sports,Coimbatore,400,Hackathon,500,88
Music,Kochi,250,Workshop,350,74
Gaming,Madurai,350,Seminar,450,56
Business,Bangalore,500,Workshop,800,69
Education,Madurai,250,Football,200,73
Music,Chennai,800,Seminar,800,54
Business,Trichy,600,Workshop,500,62
Music,Trichy,350,Hackathon,600,86
Technology,Pune,300,Football,400,84
Travel,Mumbai,1000,Concert,1650,89
Travel,Trichy,2100,Festival,1750,90
Music,Bangalore,1300,Festival,850,100
Sports,Hyderabad,300,Concert,500,75
Travel,Madurai,1100,Conference,750,87
Music,Delhi,350,Hackathon,600,89
Art,Kochi,1700,Festival,1400,80
Gaming,Hyderabad,250,Football,250,72
Photography,Pune,450,Exhibition,750,68
Gaming,Trichy,900,Hackathon,750,75
Music,Kochi,600,Workshop,500,82
Business,Madurai,850,Concert,700,96
Technology,Pune,250,Seminar,200,45
Health,Pune,1700,Training,1150,62
Sports,Pune,650,Concert,1050,90
Art,Delhi,850,Workshop,700,69
Education,Hyderabad,350,Football,450,73
Health,Hyderabad,1300,Festival,1650,92
Education,Mumbai,600,Hackathon,400,93
Sports,Hyderabad,1650,Esports,1100,72
Music,Mumbai,250,Exhibition,300,89
Music,Kochi,650,Esports,800,75
Photography,Bangalore,250,Seminar,400,43
Music,Madurai,3200,Conference,2150,74
Technology,Chennai,1600,Training,1050,78
Business,Kochi,400,Concert,650,92
Technology,Trichy,250,Training,400,53
Education,Bangalore,350,Exhibition,300,70
Music,Mumbai,800,Exhibition,650,38
Education,Hyderabad,1050,Concert,1300,100
Business,Hyderabad,700,Training,1150,62
Photography,Trichy,700,Workshop,850,74
Art,Bangalore,550,Esports,900,83
Technology,Delhi,350,Exhibition,300,62
Art,Kochi,400,Football,650,90
Music,Pune,700,Esports,700,61
Photography,Madurai,300,Concert,500,91
Photography,Madurai,2200,Esports,1450,51
Sports,Kochi,400,Festival,500,74
Business,Pune,550,Workshop,450,87
Travel,Mumbai,1900,Conference,2350,88
Health,Trichy,1050,Football,700,88
Business,Chennai,300,Training,400,70
Technology,Delhi,850,Conference,700,73
Business,Delhi,800,Training,650,76
Gaming,Coimbatore,800,Exhibition,550,36
Business,Trichy,500,Exhibition,650,29
Technology,Kochi,600,Seminar,400,35
Travel,Trichy,550,Concert,450,84
Health,Delhi,400,Football,500,86
Health,Bangalore,2850,Esports,1900,81
Art,Chennai,1300,Conference,850,71
Technology,Pune,500,Workshop,850,80
Education,Mumbai,250,Football,100,95
Music,Hyderabad,550,Concert,550,91
Sports,Hyderabad,2000,Hackathon,1350,91
Education,Trichy,550,Training,450,71
Photography,Trichy,250,Exhibition,150,58
Business,Delhi,1500,Conference,1250,62
Travel,Coimbatore,550,Esports,950,81
Sports,Mumbai,1200,Seminar,800,47
Technology,Delhi,2050,Concert,1700,77
Sports,Mumbai,250,Football,200,77
Photography,Chennai,900,Exhibition,600,58
Music,Bangalore,300,Exhibition,200,64
Gaming,Bangalore,650,Seminar,550,49
Technology,Delhi,850,Seminar,700,66
Music,Trichy,800,Seminar,800,80
Travel,Trichy,700,Hackathon,900,88
Art,Coimbatore,250,Concert,400,75
Education,Delhi,700,Concert,900,94
Business,Coimbatore,1000,Hackathon,850,65
Health,Coimbatore,400,Concert,500,76
Music,Pune,1100,Festival,1800,97
Music,Madurai,450,Workshop,750,93
Technology,Delhi,950,Concert,1550,60
Education,Kochi,800,Hackathon,1000,95
Music,Hyderabad,250,Seminar,250,79
Art,Coimbatore,900,Hackathon,750,73
Art,Hyderabad,800,Festival,550,90
Photography,Madurai,550,Festival,700,95
Photography,Delhi,350,Seminar,300,57
Sports,Pune,2850,Esports,1900,83
Technology,Pune,600,Festival,1000,78
Sports,Mumbai,550,Training,900,84
Art,Pune,900,Football,600,100
Health,Kochi,1350,Concert,900,70
Health,Hyderabad,250,Seminar,350,55
Sports,Chennai,1050,Concert,1300,99
Business,Madurai,250,Exhibition,250,50
Travel,Pune,350,Festival,600,74
Business,Pune,1950,Concert,1300,85
Gaming,Madurai,650,Exhibition,800,60
Technology,Madurai,700,Festival,600,92
Music,Delhi,450,Workshop,450,65
Technology,Kochi,450,Exhibition,300,70
Travel,Pune,2000,Festival,1350,85
Music,Coimbatore,350,Festival,550,73
Business,Trichy,1400,Training,950,58
Music,Coimbatore,700,Training,450,73
Technology,Bangalore,650,Exhibition,650,46
Music,Bangalore,500,Training,400,55
Sports,Kochi,900,Hackathon,1100,73
Business,Coimbatore,500,Concert,850,98
Art,Bangalore,600,Workshop,1000,77
Education,Chennai,650,Concert,650,68
Gaming,Delhi,550,Workshop,700,76
Art,Coimbatore,850,Seminar,700,50
Gaming,Coimbatore,2350,Conference,2350,47
Art,Hyderabad,2850,Esports,1900,84
Gaming,Chennai,400,Football,400,94
Health,Coimbatore,350,Seminar,350,46
Health,Bangalore,1150,Esports,950,75
Art,Trichy,350,Football,300,81
Photography,Chennai,650,Conference,800,78
Business,Chennai,400,Training,350,47
Travel,Mumbai,800,Festival,1350,74
Technology,Delhi,350,Seminar,450,52
Art,Trichy,800,Football,550,89
Art,Chennai,250,Exhibition,200,65
Music,Trichy,500,Workshop,800,54
Education,Trichy,2250,Esports,1500,58
Sports,Madurai,800,Hackathon,1300,84
Photography,Bangalore,800,Training,1000,73
Music,Hyderabad,1250,Conference,2100,83
Gaming,Mumbai,350,Seminar,300,66
Photography,Pune,1850,Festival,1550,95
Gaming,Chennai,800,Exhibition,650,50
Business,Hyderabad,1600,Workshop,1050,75
Music,Trichy,1400,Festival,1750,72
Technology,Bangalore,300,Football,250,63
Photography,Trichy,450,Hackathon,750,87
Gaming,Madurai,550,Workshop,450,74
Technology,Bangalore,600,Exhibition,400,73
Gaming,Hyderabad,550,Exhibition,450,59
Business,Madurai,800,Training,1300,64
Sports,Trichy,500,Festival,600,99
Education,Delhi,1900,Hackathon,1250,89
Business,Chennai,800,Exhibition,800,58
Music,Coimbatore,900,Training,1150,68
Photography,Madurai,1200,Training,800,77
Technology,Pune,250,Seminar,200,56
Gaming,Chennai,750,Hackathon,750,74
Travel,Delhi,850,Hackathon,1050,84
Education,Bangalore,900,Festival,1150,79
Art,Hyderabad,900,Hackathon,600,89
Art,Mumbai,250,Seminar,150,56
Health,Kochi,400,Seminar,400,61
Business,Mumbai,550,Esports,900,92
Health,Kochi,400,Hackathon,350,64
Health,Coimbatore,2700,Esports,1800,85
Business,Chennai,1100,Hackathon,1400,85
Technology,Bangalore,2550,Festival,1700,100
Gaming,Mumbai,450,Festival,550,91
Music,Chennai,300,Concert,500,88
Gaming,Delhi,750,Seminar,500,67
Technology,Delhi,350,Exhibition,350,40
Music,Coimbatore,1850,Conference,1850,88
Photography,Mumbai,1850,Concert,1550,73
Education,Madurai,250,Football,300,71
Photography,Hyderabad,250,Seminar,200,68
Art,Bangalore,750,Exhibition,500,65
Photography,Pune,950,Concert,800,76
Health,Delhi,350,Football,300,75
Technology,Bangalore,600,Football,400,96
Health,Chennai,550,Esports,900,100
Travel,Coimbatore,400,Football,250,96
Gaming,Chennai,650,Concert,650,75
Music,Bangalore,1100,Festival,900,74
Health,Madurai,1650,Esports,2050,76
Education,Pune,1250,Festival,1550,87
Business,Chennai,1550,Hackathon,1300,93
Travel,Bangalore,1950,Hackathon,1300,72
Gaming,Pune,900,Training,1100,65
Travel,Chennai,300,Workshop,400,72
Photography,Trichy,1250,Conference,1250,71
Health,Delhi,1300,Hackathon,1100,88
Travel,Kochi,250,Exhibition,450,54
Photography,Bangalore,700,Esports,900,85
Gaming,Hyderabad,1050,Concert,700,100
Health,Kochi,900,Training,750,69
Education,Madurai,1100,Hackathon,750,86
Education,Hyderabad,700,Football,450,69
Gaming,Chennai,650,Workshop,550,84
Sports,Mumbai,750,Concert,500,64
Art,Mumbai,1000,Esports,1250,76
Business,Trichy,550,Training,900,59
Art,Mumbai,950,Conference,800,95
Health,Trichy,1050,Esports,1300,97
Health,Bangalore,350,Exhibition,350,36
Business,Bangalore,1400,Esports,1150,81
Travel,Kochi,1050,Esports,700,72
Music,Pune,800,Training,1000,72
Sports,Hyderabad,1250,Concert,1550,65
Music,Mumbai,700,Football,600,60
Photography,Delhi,2500,Festival,1650,87
Art,Coimbatore,450,Training,300,67
Art,Kochi,550,Hackathon,550,83
Music,Chennai,400,Hackathon,700,83
Gaming,Chennai,650,Hackathon,550,63
Education,Madurai,450,Workshop,550,78
Photography,Bangalore,550,Football,550,70
Photography,Bangalore,600,Hackathon,400,89
Education,Chennai,1100,Festival,1800,92
Gaming,Hyderabad,500,Seminar,500,65
Art,Madurai,300,Football,500,85
Art,Delhi,550,Workshop,700,60
Health,Madurai,450,Workshop,550,88
Photography,Pune,300,Workshop,500,88
Sports,Coimbatore,900,Concert,1150,95
Gaming,Pune,1900,Concert,1250,74
Music,Madurai,600,Workshop,600,82
Education,Chennai,1150,Esports,1900,73
Sports,Mumbai,550,Exhibition,550,39
Art,Pune,400,Esports,650,73
Health,Mumbai,700,Workshop,850,91
Education,Delhi,1750,Conference,2200,72
Technology,Pune,350,Seminar,600,48
Photography,Pune,800,Hackathon,800,80
Photography,Madurai,450,Seminar,450,71
Technology,Delhi,850,Workshop,850,77
Photography,Chennai,900,Training,1150,61
Gaming,Kochi,1500,Esports,1900,74
Business,Mumbai,700,Hackathon,900,86
Gaming,Trichy,1300,Esports,1600,83
Photography,Mumbai,700,Conference,900,67
Business,Madurai,800,Concert,1350,95
Gaming,Madurai,2500,Conference,2100,67
Business,Pune,450,Seminar,550,68
Music,Madurai,700,Concert,900,56
Business,Delhi,750,Football,500,66
Photography,Kochi,350,Concert,550,75
Education,Coimbatore,1100,Festival,900,80
Technology,Trichy,1450,Conference,1200,57
Music,Mumbai,250,Football,100,71
Sports,Trichy,300,Workshop,500,89
Sports,Kochi,1750,Festival,1750,94
Education,Pune,450,Football,550,77
Travel,Mumbai,500,Seminar,800,39
Photography,Mumbai,2000,Festival,1650,100
Art,Mumbai,950,Hackathon,800,86
Travel,Pune,300,Workshop,250,80
Technology,Bangalore,2100,Concert,1400,81
Sports,Madurai,400,Football,650,89
Business,Hyderabad,450,Football,450,89
Art,Trichy,250,Seminar,400,63
Sports,Chennai,700,Football,450,66
Health,Delhi,1200,Esports,1000,58
Sports,Pune,2350,Conference,2350,80
Technology,Trichy,1150,Workshop,950,71
Business,Trichy,1400,Festival,1150,100
Health,Mumbai,250,Workshop,350,65
Gaming,Kochi,1800,Festival,1800,94
Gaming,Trichy,1000,Festival,1000,100
Education,Hyderabad,850,Hackathon,1450,65
Travel,Mumbai,1050,Training,1050,69
Photography,Mumbai,600,Concert,750,98
Business,Hyderabad,300,Workshop,300,76
Health,Chennai,1100,Conference,1800,64
Photography,Kochi,950,Conference,950,80
Travel,Coimbatore,500,Conference,800,80
Photography,Chennai,1050,Hackathon,1300,81
Music,Hyderabad,1400,Concert,950,90
Sports,Hyderabad,1050,Conference,1750,68
Business,Delhi,1700,Conference,1700,61
Business,Hyderabad,450,Training,300,69
Health,Bangalore,450,Esports,750,81
Business,Madurai,1350,Training,900,83
Education,Trichy,700,Seminar,850,56
Art,Pune,850,Football,700,70
Sports,Delhi,1000,Training,650,63
Music,Bangalore,250,Exhibition,250,47
Art,Bangalore,650,Seminar,650,58
Music,Chennai,700,Training,1200,53
Sports,Pune,1300,Esports,1300,82
Technology,Pune,1050,Workshop,700,60
Education,Hyderabad,300,Football,500,46
Health,Delhi,400,Football,650,73
Education,Hyderabad,950,Festival,1550,100
Music,Pune,550,Workshop,900,57
Travel,Mumbai,350,Exhibition,350,45
Education,Mumbai,700,Seminar,600,44
Health,Kochi,900,Esports,900,53
Health,Chennai,500,Workshop,600,96
Art,Trichy,800,Conference,1350,84
Health,Hyderabad,500,Hackathon,350,81
Education,Kochi,950,Festival,800,81
Gaming,Chennai,2300,Festival,1900,73
Health,Madurai,1600,Workshop,1050,73
Music,Coimbatore,250,Exhibition,200,77
Gaming,Kochi,650,Esports,1100,71
Technology,Pune,900,Training,900,76
Gaming,Pune,1600,Esports,1050,94
Music,Chennai,800,Training,550,61
Sports,Bangalore,650,Conference,1100,64
Travel,Pune,250,Football,100,89
Music,Hyderabad,900,Conference,900,87
Technology,Mumbai,500,Esports,600,75
Gaming,Coimbatore,250,Exhibition,200,50
Technology,Madurai,1000,Workshop,650,78
Art,Mumbai,1750,Hackathon,1450,66
Gaming,Hyderabad,2050,Conference,2050,70
Health,Hyderabad,900,Concert,900,100
Health,Coimbatore,2500,Concert,1650,100
Technology,Hyderabad,1000,Training,650,84
Technology,Bangalore,650,Festival,1050,89
Business,Bangalore,550,Conference,700,89
Education,Trichy,2700,Festival,1800,100
Gaming,Chennai,2450,Conference,2450,74
Business,Coimbatore,250,Workshop,250,69
Art,Madurai,1050,Football,700,78
Music,Pune,600,Exhibition,750,47
Photography,Mumbai,1200,Concert,1200,73
Sports,Kochi,1750,Esports,1750,73
Technology,Mumbai,700,Seminar,700,64
Travel,Coimbatore,550,Football,550,87
Travel,Mumbai,700,Training,850,57
Technology,Kochi,950,Seminar,800,62
Gaming,Delhi,250,Exhibition,200,62
Education,Chennai,850,Festival,850,80
Technology,Delhi,700,Training,450,54
Music,Mumbai,2450,Conference,2450,67
Art,Mumbai,800,Training,650,64
Art,Mumbai,750,Hackathon,500,72
Art,Chennai,750,Esports,750,74
Gaming,Coimbatore,2700,Esports,1800,76
Music,Madurai,350,Seminar,600,73
Education,Madurai,500,Workshop,800,70
Photography,Coimbatore,1500,Esports,1250,80
Sports,Mumbai,800,Esports,1300,68
Business,Trichy,850,Training,1050,73
Business,Madurai,250,Seminar,200,72
Travel,Madurai,2600,Esports,1750,68
Photography,Pune,500,Exhibition,400,54
Travel,Chennai,250,Football,200,71
Health,Trichy,2350,Conference,2350,49
Photography,Pune,1400,Training,1150,70
Health,Trichy,700,Hackathon,450,66
Technology,Hyderabad,1600,Training,1050,55
Business,Chennai,1650,Festival,1100,84
Music,Trichy,1400,Concert,950,82
Music,Delhi,950,Conference,800,60
Travel,Hyderabad,750,Football,500,60
Health,Delhi,1450,Training,1200,38
Art,Pune,1450,Conference,1200,69
Health,Kochi,1950,Training,1300,62
Travel,Kochi,350,Football,550,89
Technology,Delhi,800,Hackathon,1350,86
Sports,Kochi,700,Workshop,600,67
Technology,Coimbatore,1450,Esports,1800,46
Music,Pune,250,Exhibition,250,58
Sports,Mumbai,250,Exhibition,400,48
Sports,Mumbai,600,Festival,500,70
Art,Hyderabad,400,Football,400,83
Sports,Delhi,950,Festival,800,100
Photography,Bangalore,2500,Conference,2100,82
Photography,Hyderabad,850,Concert,700,60
Sports,Mumbai,250,Exhibition,200,44
Technology,Bangalore,250,Seminar,450,83
Health,Mumbai,700,Exhibition,450,53
Technology,Kochi,250,Seminar,400,62
Art,Delhi,600,Conference,1000,61
Music,Kochi,750,Workshop,500,70
Photography,Hyderabad,1100,Training,900,85
Technology,Pune,2100,Concert,1400,84
Travel,Trichy,500,Workshop,650,100
Art,Coimbatore,1050,Seminar,700,88
Education,Hyderabad,600,Football,500,87
Art,Chennai,1700,Esports,1150,82
Business,Madurai,500,Training,650,82
Travel,Coimbatore,1000,Conference,1250,82
Health,Mumbai,650,Exhibition,550,44
Health,Kochi,550,Workshop,450,79
Music,Mumbai,650,Training,550,46
Art,Delhi,900,Conference,1500,44
Travel,Coimbatore,300,Football,200,64
Art,Kochi,1050,Festival,700,71
Education,Kochi,1200,Conference,1200,41
Gaming,Madurai,300,Seminar,500,61
Gaming,Mumbai,550,Workshop,550,100
Technology,Madurai,400,Exhibition,700,76
Music,Madurai,600,Concert,1000,80
Gaming,Mumbai,250,Football,250,100
Art,Pune,550,Concert,700,100
Photography,Mumbai,250,Football,200,86
Gaming,Kochi,700,Football,450,69
Technology,Madurai,500,Exhibition,600,48
Music,Madurai,600,Exhibition,400,71
Education,Delhi,850,Concert,1400,85
Photography,Delhi,2700,Esports,1800,67
Business,Delhi,650,Hackathon,1050,72
Gaming,Delhi,800,Seminar,650,68
Business,Delhi,1200,Training,1000,77
Education,Delhi,900,Concert,1150,72
Business,Coimbatore,250,Seminar,150,38
Business,Delhi,1000,Festival,850,62
Art,Bangalore,250,Exhibition,250,51
Gaming,Bangalore,1000,Exhibition,650,66
Music,Coimbatore,350,Esports,550,86
Art,Trichy,250,Football,400,70
Technology,Chennai,650,Training,800,72
Sports,Hyderabad,300,Football,250,74
Travel,Hyderabad,1250,Concert,1550,92
Music,Delhi,400,Conference,700,59
Travel,Hyderabad,2100,Hackathon,1400,84
Sports,Trichy,550,Workshop,450,65
Gaming,Pune,750,Esports,1250,64
Music,Delhi,1150,Esports,1150,66
Photography,Delhi,900,Exhibition,600,61
Art,Chennai,300,Seminar,500,63
Gaming,Hyderabad,600,Workshop,500,63
Business,Bangalore,450,Football,550,94
Travel,Chennai,1100,Conference,1400,75
Technology,Madurai,2100,Festival,1750,99
Education,Bangalore,1350,Workshop,900,84
Travel,Chennai,1400,Conference,1150,69
Photography,Madurai,350,Football,550,77
Gaming,Pune,400,Hackathon,400,76
Art,Trichy,250,Football,450,76
Gaming,Coimbatore,1800,Conference,2250,63
Education,Trichy,1200,Esports,1500,62
Travel,Hyderabad,500,Festival,500,70
Photography,Kochi,1550,Concert,1550,76
Music,Trichy,2800,Festival,1850,98
Business,Pune,3100,Esports,2050,89
Art,Bangalore,2100,Conference,1400,69
Business,Chennai,1100,Seminar,750,55
Business,Mumbai,350,Seminar,450,51
Music,Coimbatore,2450,Esports,2050,66
Travel,Hyderabad,1450,Esports,1200,83
Sports,Trichy,600,Festival,1000,80
Art,Pune,1950,Conference,2450,66
Music,Madurai,900,Training,1150,51
Health,Kochi,450,Football,300,85
Photography,Delhi,500,Exhibition,400,72
Sports,Mumbai,1600,Hackathon,1350,93
Photography,Chennai,250,Seminar,200,50
Technology,Hyderabad,1150,Hackathon,950,88
Music,Trichy,650,Training,550,63
Art,Bangalore,800,Concert,650,73
Art,Coimbatore,1100,Concert,1100,68
Health,Kochi,600,Football,500,88
Art,Mumbai,2400,Esports,2000,88
Travel,Hyderabad,1700,Esports,1150,65
Travel,Mumbai,900,Seminar,600,70
Education,Madurai,1450,Festival,1800,90
Sports,Pune,950,Conference,1200,72
Health,Chennai,2600,Conference,2150,78
Health,Madurai,600,Football,400,76
Education,Hyderabad,250,Exhibition,250,39
Art,Trichy,300,Exhibition,300,62
Business,Coimbatore,500,Seminar,800,60
Art,Delhi,650,Seminar,800,55
Sports,Chennai,450,Festival,750,89
Sports,Trichy,450,Workshop,550,72
Music,Pune,1200,Hackathon,1000,82
Education,Pune,250,Workshop,300,75
Gaming,Coimbatore,250,Seminar,350,68
Business,Kochi,1200,Hackathon,1200,87
Sports,Trichy,650,Hackathon,650,87
Travel,Delhi,250,Seminar,250,57
Travel,Pune,850,Concert,700,100
Education,Madurai,1200,Concert,800,100
Travel,Chennai,500,Seminar,350,63
Art,Pune,800,Workshop,550,99
Art,Coimbatore,1350,Concert,900,93
Technology,Mumbai,750,Conference,1250,62
Health,Pune,400,Seminar,700,33
Sports,Madurai,2250,Esports,1500,53
Music,Pune,400,Training,350,66
Sports,Coimbatore,550,Training,450,57
Gaming,Hyderabad,1050,Esports,700,90
Health,Pune,350,Seminar,300,58
Travel,Delhi,450,Training,550,74
Health,Kochi,1300,Training,1300,65
Business,Pune,1700,Conference,1150,78
Travel,Coimbatore,350,Exhibition,450,61
Music,Kochi,250,Hackathon,450,67
Travel,Kochi,750,Seminar,750,55
Health,Mumbai,600,Seminar,500,58
Music,Trichy,300,Exhibition,250,56
Business,Chennai,700,Hackathon,850,100
Photography,Chennai,300,Football,400,75
Sports,Kochi,850,Workshop,1050,84
Art,Hyderabad,600,Training,500,59
Music,Hyderabad,1250,Conference,1550,78
Travel,Madurai,1000,Exhibition,650,45
Art,Mumbai,500,Training,800,71
Health,Coimbatore,800,Festival,550,100
Business,Pune,1550,Hackathon,1300,93
Art,Mumbai,700,Seminar,600,71
Gaming,Coimbatore,1150,Training,1150,60
Health,Madurai,1100,Esports,1100,58
Photography,Coimbatore,1200,Festival,1000,88
Gaming,Mumbai,700,Workshop,600,68
Photography,Chennai,1000,Esports,1700,78
Gaming,Chennai,500,Football,400,64
Art,Delhi,650,Football,550,72
Gaming,Mumbai,400,Conference,700,90
Health,Delhi,1000,Training,650,45
Travel,Pune,2200,Conference,1850,60
Health,Pune,350,Training,300,54
Music,Mumbai,1200,Hackathon,800,84
Technology,Bangalore,250,Seminar,300,34
Art,Hyderabad,700,Concert,700,76
Business,Bangalore,600,Exhibition,400,48
Health,Mumbai,350,Hackathon,450,62
Art,Chennai,800,Festival,1350,86
Business,Bangalore,250,Football,250,93
Photography,Mumbai,300,Seminar,350,68
Travel,Kochi,650,Training,1050,67
Technology,Kochi,2100,Esports,1400,63
Education,Mumbai,1300,Festival,1100,100
Health,Pune,400,Workshop,700,84
Gaming,Chennai,1000,Hackathon,1000,72
Health,Chennai,500,Football,350,78
Music,Delhi,300,Exhibition,250,52
Travel,Hyderabad,250,Workshop,350,70
Technology,Coimbatore,400,Football,400,100
Gaming,Mumbai,400,Hackathon,350,98
Technology,Kochi,650,Festival,550,81
Music,Bangalore,1500,Concert,1250,93
Art,Pune,2000,Festival,1350,89
Gaming,Delhi,700,Football,450,66
Gaming,Pune,2850,Esports,1900,61
Health,Pune,1600,Workshop,1050,86
Business,Bangalore,1400,Hackathon,950,85
Travel,Madurai,500,Seminar,850,69
Sports,Chennai,2050,Festival,1700,84
Sports,Kochi,1100,Conference,750,80
Gaming,Madurai,2100,Festival,1400,98
Art,Chennai,1350,Esports,1700,72
Technology,Kochi,300,Seminar,300,62
Sports,Kochi,600,Concert,400,93
Music,Bangalore,2850,Esports,1900,86
Technology,Chennai,400,Seminar,650,43
Technology,Madurai,600,Festival,500,80
Technology,Trichy,450,Concert,750,88
Music,Kochi,950,Seminar,800,47
Gaming,Bangalore,900,Hackathon,900,91
Photography,Madurai,1650,Training,1100,76
Technology,Pune,1200,Conference,1500,68
Photography,Hyderabad,900,Training,1150,70
Education,Pune,400,Football,650,49
Art,Pune,700,Training,1150,69
Music,Hyderabad,600,Seminar,750,57
Business,Kochi,700,Training,1150,72
Business,Delhi,500,Concert,500,80
Business,Pune,750,Workshop,750,72
Art,Bangalore,850,Festival,1400,75
Health,Pune,800,Hackathon,1350,76
Sports,Kochi,350,Concert,550,97
Technology,Bangalore,450,Football,550,79
Gaming,Mumbai,350,Festival,550,84
Business,Chennai,2600,Conference,2150,80
Education,Chennai,700,Hackathon,900,89
Photography,Bangalore,900,Festival,1100,90
Technology,Hyderabad,1650,Concert,1650,77
Music,Pune,2300,Conference,2300,59
Business,Mumbai,1000,Festival,1650,82
Education,Chennai,1250,Esports,2050,77
Health,Bangalore,700,Hackathon,450,85
Health,Kochi,400,Concert,700,100
Travel,Bangalore,250,Workshop,250,90
Business,Bangalore,250,Training,450,70
Gaming,Bangalore,1500,Workshop,1000,90
Gaming,Pune,1300,Concert,1650,85
Art,Delhi,1950,Hackathon,1300,85
Sports,Hyderabad,300,Exhibition,200,61
Photography,Delhi,2700,Conference,2250,58
Technology,Chennai,500,Exhibition,400,77
Travel,Chennai,1700,Concert,1700,53
Art,Madurai,700,Training,900,75
Technology,Madurai,250,Exhibition,150,69
Art,Madurai,400,Hackathon,700,60
Education,Pune,250,Football,300,87
Photography,Delhi,1700,Festival,1700,100
Gaming,Pune,250,Exhibition,450,54
Technology,Mumbai,500,Training,800,57
Education,Mumbai,450,Football,300,81
Photography,Mumbai,850,Workshop,700,86
Education,Hyderabad,1150,Concert,1150,91
Gaming,Delhi,250,Football,200,78
Business,Kochi,250,Exhibition,300,51
Photography,Mumbai,400,Hackathon,700,95
Sports,Mumbai,700,Concert,600,74
Gaming,Hyderabad,600,Exhibition,500,61
Health,Coimbatore,1900,Conference,1250,70
Gaming,Mumbai,1200,Hackathon,1200,87
Health,Bangalore,300,Football,200,85
Education,Madurai,500,Football,500,78
Health,Chennai,800,Workshop,1000,83
Health,Pune,2400,Esports,2000,82
Health,Chennai,1050,Festival,700,83
Business,Pune,850,Training,700,54
Health,Mumbai,1750,Conference,2200,79
Gaming,Bangalore,250,Hackathon,400,100
Technology,Delhi,1350,Hackathon,900,76
Sports,Chennai,1100,Training,1100,59
Photography,Trichy,1000,Esports,1000,91
Education,Chennai,250,Exhibition,250,71
Travel,Delhi,800,Exhibition,650,67
Health,Pune,250,Exhibition,350,69
Travel,Trichy,900,Concert,1100,76
Music,Hyderabad,2850,Esports,1900,81
Health,Bangalore,250,Football,100,75
Education,Mumbai,950,Concert,1600,70
Music,Kochi,350,Seminar,300,54
Technology,Hyderabad,1600,Training,1050,55
Business,Delhi,500,Workshop,800,70
Education,Mumbai,1650,Conference,1100,88
Sports,Mumbai,750,Concert,750,77
Music,Chennai,300,Training,300,67
Education,Hyderabad,450,Training,550,73
Gaming,Pune,1150,Workshop,950,63
Art,Delhi,2100,Conference,2100,74
Travel,Bangalore,500,Football,650,69
Business,Chennai,650,Exhibition,650,44
Travel,Coimbatore,700,Seminar,700,61
Business,Chennai,900,Training,600,64
Photography,Delhi,800,Concert,550,84
Music,Mumbai,400,Football,500,82
Education,Delhi,700,Football,600,81
Art,Trichy,450,Concert,550,79
Photography,Trichy,1100,Conference,1800,62
Education,Bangalore,250,Exhibition,300,68
Sports,Trichy,1100,Workshop,900,67
Health,Trichy,550,Training,950,45
Technology,Madurai,250,Football,200,70
Sports,Trichy,1600,Training,1050,70
Music,Bangalore,1500,Esports,1500,78
Sports,Coimbatore,350,Seminar,300,57
Art,Mumbai,500,Exhibition,650,73
Education,Mumbai,400,Seminar,350,73
Health,Chennai,800,Football,550,96
Sports,Kochi,700,Football,600,94
Business,Kochi,600,Hackathon,600,87
Business,Chennai,550,Concert,700,85
Health,Bangalore,1750,Hackathon,1450,100
Photography,Madurai,900,Concert,1100,83
Travel,Trichy,450,Seminar,300,51
Technology,Delhi,1100,Hackathon,1100,75
Art,Kochi,500,Hackathon,600,79
Technology,Bangalore,1100,Festival,1400,91
Health,Kochi,700,Hackathon,1200,72
Business,Trichy,1100,Hackathon,750,66
Business,Pune,850,Festival,700,89
Business,Mumbai,1500,Training,1000,58
Travel,Hyderabad,850,Workshop,850,80
Technology,Mumbai,750,Seminar,750,53
Music,Madurai,1300,Conference,2200,66
Technology,Coimbatore,1350,Festival,1700,95
Music,Madurai,1250,Esports,1250,52
Business,Delhi,350,Workshop,300,89
Music,Hyderabad,800,Hackathon,1300,73
Gaming,Trichy,1850,Esports,1850,79
Health,Madurai,750,Esports,500,92
Sports,Coimbatore,500,Workshop,800,91
Art,Mumbai,600,Training,400,68
Health,Hyderabad,700,Football,600,94
Travel,Madurai,350,Concert,600,90
Business,Pune,1600,Hackathon,1350,82
Photography,Bangalore,1400,Conference,2350,52
Sports,Chennai,1150,Hackathon,950,59
Business,Pune,600,Workshop,1000,72
Travel,Coimbatore,1250,Esports,1250,68
Technology,Chennai,250,Football,200,72
Technology,Pune,250,Seminar,150,45
Business,Delhi,2200,Conference,2200,67
Art,Madurai,500,Football,350,77
Education,Bangalore,450,Festival,450,89
Travel,Mumbai,2600,Conference,1750,86
Education,Bangalore,1050,Workshop,700,89
Education,Pune,250,Exhibition,300,85
Gaming,Pune,1600,Conference,1350,71
Gaming,Bangalore,600,Hackathon,500,97
Art,Chennai,1450,Esports,1200,78
Art,Delhi,250,Exhibition,300,69
Health,Chennai,300,Seminar,300,57
Photography,Kochi,900,Esports,900,66
Art,Madurai,250,Exhibition,200,57
Education,Kochi,1600,Conference,1050,82
Business,Delhi,250,Seminar,300,63
Photography,Trichy,1450,Conference,1800,61
Music,Bangalore,850,Exhibition,700,73
Business,Kochi,250,Exhibition,350,37
Music,Pune,600,Conference,750,91
Music,Hyderabad,2100,Festival,1400,81
Art,Mumbai,250,Seminar,300,55
Art,Delhi,400,Training,400,50
Travel,Bangalore,900,Concert,1150,96
Music,Pune,900,Esports,1100,86
Photography,Kochi,2450,Conference,2450,79
Health,Delhi,1200,Concert,1500,78
Business,Delhi,1850,Festival,1850,86
Art,Bangalore,2950,Conference,2450,83
Art,Trichy,1350,Esports,1700,71
Health,Hyderabad,750,Seminar,500,46
Gaming,Mumbai,350,Seminar,350,55
Art,Kochi,850,Hackathon,850,99
Music,Madurai,600,Concert,1000,99
Sports,Delhi,250,Football,200,65
Health,Madurai,350,Training,300,63
Business,Kochi,600,Football,500,91
Education,Chennai,700,Hackathon,450,92
Education,Pune,250,Seminar,400,55
Business,Kochi,1200,Hackathon,800,100
Gaming,Kochi,400,Seminar,400,56
Photography,Pune,350,Workshop,350,76
Business,Mumbai,500,Workshop,650,83
Education,Pune,750,Exhibition,500,71
Travel,Coimbatore,1150,Conference,950,68
Travel,Chennai,250,Hackathon,300,69
Sports,Coimbatore,700,Esports,600,80
Health,Delhi,1200,Conference,800,54
Photography,Coimbatore,800,Esports,1000,81
Sports,Trichy,350,Workshop,350,75
Education,Kochi,1600,Esports,2000,77
Health,Hyderabad,350,Hackathon,350,62
Music,Madurai,700,Hackathon,1200,87
Gaming,Coimbatore,650,Conference,1050,79
Technology,Trichy,550,Football,450,84
Education,Madurai,2550,Festival,1700,59
Travel,Hyderabad,1100,Hackathon,900,87
Art,Coimbatore,950,Festival,800,92
Music,Kochi,500,Seminar,400,61
Travel,Coimbatore,800,Workshop,650,78
Business,Kochi,1350,Conference,900,82
Art,Pune,250,Football,150,75
Photography,Mumbai,800,Conference,800,100
Sports,Chennai,950,Seminar,800,71
Art,Bangalore,1650,Workshop,1100,62
Travel,Bangalore,900,Seminar,750,43
Gaming,Mumbai,650,Hackathon,550,82
Travel,Bangalore,1550,Hackathon,1300,98
Gaming,Kochi,1300,Conference,2200,74
Health,Pune,250,Exhibition,250,50
Education,Chennai,700,Festival,600,76
Health,Chennai,300,Exhibition,300,51
Health,Madurai,250,Football,200,74
Music,Trichy,1000,Esports,1700,94
Travel,Madurai,900,Esports,1500,93
Photography,Kochi,600,Training,1000,80
Art,Pune,500,Hackathon,600,99
Gaming,Chennai,400,Football,500,91
Education,Madurai,950,Festival,800,80
Travel,Kochi,900,Training,1100,54
Gaming,Pune,1100,Concert,1350,95
Education,Bangalore,1050,Hackathon,700,78
Health,Bangalore,1350,Concert,900,81
Music,Kochi,1800,Hackathon,1200,78
Photography,Bangalore,350,Seminar,350,75
Photography,Kochi,1400,Workshop,950,94
Business,Trichy,900,Workshop,900,79
Business,Hyderabad,1200,Hackathon,1200,84
Photography,Mumbai,350,Football,350,95
Health,Bangalore,400,Esports,650,75
Education,Mumbai,500,Seminar,650,61
Business,Delhi,250,Seminar,250,77
Business,Bangalore,500,Seminar,800,61
Music,Delhi,1150,Esports,1950,100
Gaming,Kochi,700,Workshop,450,67
Technology,Chennai,950,Esports,950,86
Business,Delhi,500,Hackathon,600,100
Education,Coimbatore,450,Seminar,750,60
Photography,Delhi,400,Hackathon,350,58
Sports,Delhi,2300,Concert,1550,100
Education,Chennai,900,Football,600,84
Education,Pune,500,Workshop,350,46
Travel,Chennai,850,Concert,700,93
Art,Pune,500,Training,600,71
Photography,Bangalore,2000,Concert,1350,94
Travel,Pune,350,Training,300,55
Music,Hyderabad,550,Workshop,550,72
Music,Trichy,250,Football,350,81
Health,Trichy,1050,Exhibition,700,73
Education,Kochi,900,Workshop,750,74
Health,Pune,900,Conference,1500,75
Art,Madurai,800,Hackathon,550,87
Photography,Chennai,250,Seminar,450,29
Business,Mumbai,3000,Conference,2500,79
Travel,Bangalore,700,Exhibition,600,81
Technology,Coimbatore,350,Football,550,76
Art,Pune,550,Football,450,78
Music,Trichy,1150,Conference,950,72
Sports,Bangalore,2050,Esports,2050,58
Music,Chennai,1200,Workshop,1000,78
Music,Bangalore,550,Hackathon,550,77
Education,Hyderabad,1850,Esports,1850,74
Education,Pune,450,Exhibition,300,40
Health,Trichy,1100,Conference,1350,41
Education,Pune,1250,Esports,1550,81
Sports,Kochi,700,Training,600,88
Art,Pune,450,Workshop,450,68
Gaming,Bangalore,1000,Workshop,1000,61
Travel,Kochi,250,Football,200,66
Technology,Hyderabad,400,Seminar,650,70
Travel,Madurai,1150,Concert,1450,65
Travel,Pune,1150,Conference,1150,84
Travel,Trichy,800,Training,650,64
Education,Pune,400,Workshop,250,69
Health,Coimbatore,700,Workshop,900,76
Travel,Kochi,600,Esports,500,87
Sports,Kochi,500,Exhibition,500,71
Photography,Coimbatore,2050,Conference,1700,64
Technology,Coimbatore,1100,Workshop,900,73
Health,Bangalore,550,Football,450,91
Travel,Madurai,950,Concert,800,87
Health,Kochi,1050,Esports,1300,76
Business,Coimbatore,350,Hackathon,600,80
Sports,Bangalore,1600,Concert,1350,91
Education,Madurai,500,Festival,650,100
Technology,Hyderabad,1150,Concert,1450,82
Travel,Trichy,1350,Training,900,46
Music,Trichy,650,Football,550,100
Business,Pune,750,Hackathon,500,100
Gaming,Madurai,750,Exhibition,750,72
Business,Kochi,600,Esports,600,83
Business,Chennai,600,Seminar,600,68
Music,Mumbai,350,Seminar,550,44
Photography,Mumbai,1050,Concert,700,86
Photography,Madurai,650,Festival,550,87
Technology,Chennai,450,Workshop,750,70
Music,Coimbatore,1200,Esports,1000,84
Health,Hyderabad,450,Seminar,450,66
Photography,Trichy,2700,Conference,2250,63
Gaming,Bangalore,1050,Concert,1050,78
Gaming,Madurai,300,Training,500,49
Technology,Pune,3150,Conference,2100,64
Travel,Madurai,1350,Concert,900,68
Sports,Bangalore,650,Hackathon,1100,81
Business,Mumbai,1400,Conference,1750,66
Education,Delhi,1300,Conference,2200,77
Photography,Kochi,500,Workshop,350,62
Health,Mumbai,550,Workshop,950,76
Gaming,Trichy,400,Esports,700,89
Education,Hyderabad,2000,Concert,1350,88
Education,Pune,1500,Esports,1000,82
Education,Hyderabad,400,Football,650,73
Gaming,Delhi,500,Seminar,800,64
Art,Chennai,350,Football,350,82
Business,Kochi,1500,Conference,1250,57
Technology,Pune,700,Training,850,92
Technology,Delhi,1500,Concert,1250,85
Health,Madurai,800,Festival,800,72
Business,Delhi,650,Workshop,800,91
Business,Pune,500,Workshop,800,55
Health,Delhi,300,Workshop,400,57
Sports,Hyderabad,350,Exhibition,350,51
Education,Mumbai,400,Football,650,77
Technology,Chennai,1150,Hackathon,1150,76
Technology,Pune,350,Workshop,600,81
Sports,Bangalore,350,Workshop,450,100
Education,Bangalore,3150,Esports,2100,67
Education,Trichy,700,Seminar,450,68
Photography,Delhi,650,Festival,550,98
Health,Coimbatore,650,Training,1050,71
Health,Trichy,250,Training,450,72
Travel,Chennai,3450,Conference,2300,72
Business,Chennai,1600,Workshop,1050,68
Gaming,Hyderabad,250,Football,250,93
Technology,Chennai,350,Exhibition,350,51
Health,Bangalore,250,Exhibition,150,58
Technology,Trichy,950,Esports,1200,67
Travel,Pune,1700,Festival,1150,82
Technology,Pune,700,Exhibition,600,45
Health,Madurai,700,Training,1150,82
Business,Hyderabad,1150,Esports,1950,77
Travel,Madurai,250,Workshop,200,76
Travel,Pune,600,Football,500,73
Education,Chennai,350,Seminar,600,84
Photography,Pune,450,Training,550,76
Health,Mumbai,950,Conference,1200,75
Photography,Madurai,2700,Esports,1800,81
Technology,Trichy,250,Seminar,250,68
Business,Coimbatore,250,Football,300,76
Health,Pune,800,Hackathon,1000,80
Sports,Bangalore,800,Exhibition,550,58
Photography,Coimbatore,1000,Conference,1000,73
Health,Kochi,1000,Workshop,850,68
Photography,Bangalore,1050,Seminar,700,64
Gaming,Coimbatore,700,Training,450,68
Business,Madurai,550,Workshop,550,74
Sports,Bangalore,800,Training,800,86
Gaming,Delhi,650,Hackathon,650,88
Gaming,Pune,350,Hackathon,600,93
Music,Trichy,400,Exhibition,500,80
Education,Coimbatore,700,Training,1150,50
Photography,Coimbatore,550,Hackathon,950,94
Art,Coimbatore,1350,Concert,900,85
Gaming,Trichy,300,Workshop,250,72
Business,Trichy,850,Training,700,77
Music,Trichy,2350,Esports,1950,67
Travel,Madurai,850,Festival,850,75
Art,Bangalore,950,Festival,950,94
Travel,Pune,300,Football,250,71
Business,Mumbai,250,Training,400,54
Technology,Coimbatore,500,Hackathon,650,77
Education,Trichy,600,Esports,600,86
Education,Trichy,600,Workshop,400,83
Sports,Madurai,1400,Workshop,950,51
Photography,Bangalore,900,Conference,1100,61
Business,Kochi,800,Hackathon,1000,88
Business,Madurai,800,Workshop,550,64
Health,Coimbatore,800,Festival,650,93
Gaming,Chennai,250,Workshop,400,71
Technology,Coimbatore,350,Exhibition,350,59
Music,Bangalore,1050,Seminar,700,54
Gaming,Bangalore,250,Football,150,99
Technology,Chennai,300,Exhibition,200,51
Sports,Trichy,400,Festival,500,88
Health,Hyderabad,950,Hackathon,1200,63
Education,Kochi,2550,Esports,1700,82
Health,Hyderabad,850,Concert,1450,59
Art,Pune,900,Training,1150,58
Technology,Bangalore,600,Training,750,96
Health,Mumbai,500,Concert,500,100
Travel,Madurai,500,Seminar,350,54
Education,Trichy,900,Hackathon,600,68
Technology,Pune,1100,Festival,1400,85
Music,Kochi,1050,Esports,1050,65
Health,Mumbai,900,Seminar,750,72
Travel,Bangalore,350,Exhibition,550,45
Gaming,Madurai,1700,Hackathon,1150,95
Art,Trichy,750,Exhibition,750,77
Travel,Chennai,900,Concert,600,80
Business,Chennai,750,Training,500,87
Sports,Kochi,700,Esports,850,67
Health,Coimbatore,2500,Festival,1650,100
Music,Hyderabad,650,Festival,1050,72
Photography,Delhi,1250,Esports,2050,89
Education,Coimbatore,500,Hackathon,850,68
Sports,Delhi,500,Workshop,650,69
Music,Pune,2100,Conference,2100,63
Photography,Madurai,2250,Concert,1500,88
Health,Chennai,550,Conference,700,49
Gaming,Chennai,600,Exhibition,500,68
Art,Madurai,450,Seminar,550,49
Business,Madurai,1700,Concert,1400,80
Art,Chennai,1650,Concert,1650,79
Technology,Kochi,850,Conference,850,60
Art,Pune,250,Football,250,67
Photography,Coimbatore,1500,Training,1250,74
Music,Mumbai,300,Seminar,250,52
Music,Madurai,500,Concert,400,95
Gaming,Bangalore,700,Hackathon,600,94
Gaming,Mumbai,2300,Conference,1550,73
Travel,Chennai,1100,Exhibition,750,63
Business,Bangalore,1000,Workshop,1000,92
Photography,Mumbai,1350,Concert,900,100
Sports,Delhi,500,Football,600,81
Education,Coimbatore,750,Seminar,750,38
Health,Coimbatore,450,Exhibition,450,40
Education,Trichy,1500,Esports,1000,86
Sports,Bangalore,1050,Festival,1750,84
Technology,Mumbai,800,Conference,1350,69
Sports,Kochi,1200,Concert,1000,72
Art,Kochi,900,Training,1150,52
Gaming,Hyderabad,550,Conference,900,57
Art,Bangalore,1600,Conference,1350,76
Business,Delhi,250,Football,150,65
Art,Delhi,300,Exhibition,350,33
Business,Delhi,2350,Esports,1950,86
Health,Kochi,600,Seminar,750,67
Sports,Mumbai,1200,Workshop,1000,74
Gaming,Chennai,400,Seminar,400,63
Gaming,Trichy,500,Seminar,650,36
Business,Pune,400,Concert,700,99
Photography,Coimbatore,950,Festival,950,75
Health,Coimbatore,1050,Festival,1300,95
Business,Pune,350,Football,550,94
Travel,Kochi,450,Football,550,63
Gaming,Coimbatore,1000,Concert,1250,82
Technology,Pune,800,Hackathon,550,89
Sports,Coimbatore,450,Exhibition,550,79
Sports,Pune,950,Conference,1550,81
Photography,Delhi,750,Concert,1250,73
Music,Kochi,500,Concert,600,78
Photography,Bangalore,1500,Training,1250,63
Education,Coimbatore,600,Training,500,64
Health,Mumbai,900,Hackathon,600,81
Art,Pune,2100,Esports,1750,57
Business,Coimbatore,900,Exhibition,600,60
Health,Mumbai,850,Concert,1450,92
Technology,Madurai,300,Workshop,250,63
Photography,Mumbai,250,Seminar,300,58
Music,Coimbatore,1350,Hackathon,1350,90
Art,Coimbatore,250,Exhibition,350,42
Travel,Madurai,500,Training,600,62
Business,Kochi,700,Hackathon,700,84
Photography,Madurai,500,Hackathon,650,82
Music,Madurai,600,Exhibition,400,66
Sports,Delhi,800,Training,800,74
Health,Kochi,350,Workshop,600,60
Travel,Hyderabad,2550,Concert,1700,75
Travel,Coimbatore,1700,Concert,1700,75
Sports,Pune,500,Workshop,500,100
Education,Kochi,600,Conference,1000,62
Photography,Chennai,1250,Workshop,1050,75
Sports,Madurai,950,Training,950,66
Photography,Delhi,350,Exhibition,450,23
Business,Pune,1750,Conference,1450,70
Music,Hyderabad,600,Esports,750,100
Technology,Mumbai,600,Hackathon,500,83
Health,Delhi,1650,Esports,2050,71
Technology,Madurai,250,Exhibition,200,53
Photography,Madurai,650,Hackathon,650,85
Photography,Hyderabad,800,Esports,550,81
Health,Delhi,1600,Hackathon,1350,78
Technology,Mumbai,500,Training,350,64
Travel,Madurai,650,Training,650,64
Art,Madurai,300,Hackathon,500,90
Photography,Bangalore,2300,Esports,1550,76
Gaming,Bangalore,1050,Concert,700,92
Technology,Mumbai,600,Esports,1000,49
Photography,Mumbai,350,Seminar,350,48
Business,Kochi,550,Training,450,62
Education,Bangalore,450,Football,300,67
Technology,Madurai,400,Football,500,84
Business,Bangalore,250,Football,200,70
Travel,Hyderabad,650,Seminar,550,62
Health,Madurai,350,Football,450,72
Sports,Trichy,250,Hackathon,450,85
Photography,Kochi,550,Concert,700,85
Technology,Delhi,250,Concert,450,92
Travel,Kochi,700,Esports,1200,73
Sports,Chennai,500,Football,350,75
Business,Hyderabad,800,Hackathon,650,75
Art,Trichy,1500,Training,1000,78
Health,Hyderabad,1000,Conference,650,73
Gaming,Madurai,600,Workshop,1000,100
Photography,Trichy,650,Conference,800,100
Art,Trichy,600,Hackathon,600,100
Business,Kochi,300,Football,200,100
Business,Trichy,400,Esports,650,61
Health,Delhi,400,Workshop,350,87
Art,Bangalore,1500,Training,1000,85
Technology,Trichy,250,Workshop,350,85
Health,Pune,250,Football,350,83
Sports,Madurai,700,Football,600,67
Sports,Kochi,300,Football,350,93
Sports,Kochi,2200,Conference,1450,71
Art,Coimbatore,250,Seminar,250,54
Sports,Mumbai,1200,Training,1200,55
Technology,Chennai,400,Workshop,500,86
Education,Madurai,1400,Training,950,58
Education,Trichy,1450,Festival,1450,99
Photography,Trichy,2700,Esports,1800,97
Art,Delhi,550,Concert,700,90
Gaming,Kochi,550,Training,450,82
Gaming,Bangalore,300,Exhibition,300,52
Health,Pune,250,Football,250,80
Gaming,Hyderabad,350,Workshop,450,81
Art,Trichy,350,Training,600,33
Photography,Pune,700,Workshop,900,63
Gaming,Kochi,950,Conference,800,81
Health,Mumbai,500,Seminar,850,47
Sports,Chennai,900,Conference,750,76
Travel,Hyderabad,1300,Concert,850,95
Technology,Madurai,500,Workshop,500,63
Travel,Madurai,1400,Workshop,950,68
Gaming,Trichy,1000,Esports,1250,61
Music,Coimbatore,1100,Workshop,1100,76
Sports,Coimbatore,550,Hackathon,450,79
Sports,Mumbai,2000,Conference,2500,86
Health,Mumbai,1200,Concert,1500,93
Photography,Mumbai,2800,Festival,1850,91
Education,Hyderabad,500,Exhibition,400,50
Business,Trichy,650,Festival,800,100
Gaming,Bangalore,2000,Festival,1350,79
Technology,Hyderabad,350,Exhibition,550,61
Sports,Chennai,250,Football,250,73
Gaming,Trichy,1400,Hackathon,950,100
Photography,Delhi,1000,Concert,1650,87
Sports,Coimbatore,2150,Conference,2150,76
Music,Mumbai,600,Workshop,1000,64
Education,Trichy,1150,Hackathon,1450,80
Art,Pune,500,Football,400,90
Sports,Bangalore,300,Concert,500,93
Sports,Chennai,550,Conference,700,72
Technology,Hyderabad,350,Concert,450,86
Health,Trichy,1350,Conference,900,69
Technology,Mumbai,750,Conference,1250,80
Photography,Pune,550,Concert,700,87
Travel,Pune,400,Festival,500,78
Music,Mumbai,650,Concert,650,91
Business,Trichy,800,Esports,1000,84
Photography,Bangalore,1100,Seminar,750,62
Business,Madurai,800,Concert,1350,88
Travel,Trichy,1500,Esports,1900,86
Art,Hyderabad,500,Concert,650,93
Technology,Kochi,550,Training,700,37
Education,Trichy,250,Workshop,350,84
Art,Bangalore,550,Training,900,58
Travel,Bangalore,500,Hackathon,850,87
Sports,Chennai,1850,Esports,1850,67
Sports,Chennai,2200,Conference,2200,80
Sports,Mumbai,800,Esports,650,89
Sports,Trichy,2200,Conference,1450,85
Music,Madurai,1900,Esports,1900,73
Photography,Hyderabad,250,Workshop,300,77
Music,Delhi,3100,Esports,2050,87
Education,Kochi,1450,Conference,1200,65
Health,Chennai,350,Training,450,67
Art,Kochi,1150,Workshop,950,61
Sports,Chennai,1550,Training,1300,55
Health,Coimbatore,400,Training,350,63
Travel,Trichy,2500,Conference,2100,100
Travel,Trichy,1000,Concert,850,91
Travel,Hyderabad,2200,Festival,1850,80
Music,Hyderabad,1800,Concert,1500,71
Sports,Trichy,250,Football,250,100
Business,Delhi,1150,Hackathon,1450,83
Photography,Bangalore,1800,Conference,1200,65
Technology,Coimbatore,350,Football,300,90
Art,Madurai,2400,Esports,2000,81
Technology,Coimbatore,1000,Training,1000,60
Gaming,Delhi,700,Esports,600,93
Music,Delhi,750,Festival,950,93
Technology,Mumbai,500,Concert,850,68
Education,Trichy,300,Seminar,400,69
Gaming,Mumbai,1600,Concert,1600,100
Education,Trichy,750,Seminar,750,66
Sports,Bangalore,400,Exhibition,250,75
Music,Kochi,250,Football,250,100
Health,Trichy,250,Football,200,80
Health,Pune,2400,Esports,2000,80
Technology,Delhi,1300,Concert,1600,90
Education,Pune,950,Training,1200,62
Sports,Bangalore,450,Training,550,68
Art,Mumbai,1650,Esports,2050,57
Health,Chennai,700,Hackathon,450,88
Technology,Coimbatore,800,Esports,1300,41
Art,Pune,1950,Concert,1300,79
Art,Chennai,500,Exhibition,400,73
Business,Coimbatore,300,Hackathon,500,98
Gaming,Hyderabad,350,Workshop,300,65
Business,Delhi,300,Exhibition,350,74
Art,Delhi,1500,Hackathon,1500,96
Technology,Mumbai,300,Training,300,88
Gaming,Chennai,900,Training,1150,83
Sports,Hyderabad,650,Workshop,550,59
Photography,Coimbatore,800,Hackathon,800,91
Music,Bangalore,900,Esports,1100,68
Gaming,Bangalore,1200,Training,1200,70
Photography,Bangalore,1050,Seminar,700,68
Technology,Trichy,250,Exhibition,150,56
Education,Mumbai,800,Festival,1000,100
Travel,Bangalore,700,Esports,700,64
Technology,Bangalore,250,Exhibition,350,46
Art,Bangalore,250,Football,200,68
Art,Pune,1150,Concert,1450,85
Education,Madurai,1550,Hackathon,1300,72
Business,Coimbatore,1050,Exhibition,700,58
Business,Madurai,950,Concert,1200,75
Sports,Coimbatore,600,Seminar,750,63
Business,Pune,250,Seminar,250,57
Gaming,Bangalore,600,Festival,600,100
Business,Kochi,250,Football,150,92
Photography,Mumbai,900,Conference,600,67
Business,Hyderabad,700,Festival,700,100
Sports,Kochi,250,Exhibition,250,59
Business,Bangalore,1000,Workshop,650,88
Business,Mumbai,1550,Concert,1550,92
Technology,Bangalore,650,Esports,650,92
Education,Bangalore,250,Seminar,200,55
Music,Delhi,500,Festival,800,88
Music,Pune,1800,Concert,1500,100
Business,Madurai,600,Concert,600,84
Gaming,Bangalore,900,Concert,600,74
Gaming,Trichy,550,Workshop,550,77
Technology,Mumbai,400,Esports,700,67
Art,Trichy,500,Esports,650,77
Business,Coimbatore,1100,Workshop,1100,47
Education,Hyderabad,400,Football,250,84
Business,Hyderabad,800,Esports,800,79
Art,Coimbatore,800,Seminar,550,66
Education,Coimbatore,1100,Esports,900,90
Photography,Delhi,1200,Hackathon,1000,85
Art,Hyderabad,650,Exhibition,550,64
Photography,Hyderabad,1100,Hackathon,1350,87
Photography,Hyderabad,700,Training,900,67
Travel,Pune,1700,Conference,1150,69
Travel,Coimbatore,1200,Seminar,800,74
Gaming,Coimbatore,1100,Seminar,750,57
Art,Chennai,2450,Conference,2450,64
Business,Delhi,900,Festival,1100,89
Business,Pune,400,Workshop,250,56
Education,Madurai,700,Workshop,700,85
Music,Delhi,600,Seminar,400,72
Gaming,Trichy,950,Concert,800,64
Technology,Hyderabad,300,Football,500,64
Photography,Hyderabad,750,Football,500,75
Health,Trichy,500,Concert,650,63
Photography,Bangalore,500,Workshop,350,79
Technology,Delhi,800,Training,800,61
Sports,Hyderabad,500,Exhibition,800,63
Art,Delhi,250,Workshop,300,74
Education,Hyderabad,1750,Conference,2200,59
Travel,Madurai,1000,Esports,850,71
Business,Hyderabad,1200,Concert,800,76
Gaming,Kochi,1200,Conference,1500,59
Business,Delhi,850,Esports,1450,86
Health,Pune,600,Festival,1000,86
Photography,Madurai,500,Festival,850,80
Health,Mumbai,500,Seminar,800,59
Education,Kochi,1700,Festival,1150,100
Music,Hyderabad,750,Exhibition,750,68
Sports,Coimbatore,450,Hackathon,750,74
Technology,Bangalore,700,Hackathon,1200,92
Technology,Delhi,250,Seminar,200,69
Education,Mumbai,1250,Festival,1550,82
Travel,Trichy,1600,Concert,1600,76
Travel,Hyderabad,900,Concert,900,100
Technology,Hyderabad,2550,Festival,1700,100
Technology,Kochi,1100,Hackathon,750,60
Education,Delhi,350,Seminar,600,42
Sports,Mumbai,250,Seminar,150,50
Gaming,Pune,1500,Festival,1000,100
Travel,Madurai,1150,Festival,1150,100
Health,Chennai,1700,Festival,1150,86
Sports,Bangalore,300,Football,350,85
Gaming,Pune,800,Workshop,550,90
Music,Madurai,600,Training,600,79
Travel,Madurai,650,Workshop,800,73
Art,Delhi,1650,Conference,1100,62
Photography,Kochi,400,Exhibition,500,62
Photography,Madurai,300,Football,250,59
Education,Chennai,600,Training,500,62
Health,Trichy,300,Football,400,92
Music,Hyderabad,950,Hackathon,800,80
Gaming,Trichy,1250,Hackathon,1250,89
Gaming,Pune,500,Hackathon,650,87
Art,Hyderabad,450,Workshop,750,99
Health,Pune,1300,Training,1100,74
Art,Pune,1250,Training,1050,56
Sports,Pune,1700,Conference,2150,79
Business,Coimbatore,1250,Hackathon,1050,63
Sports,Madurai,250,Football,200,75
Health,Kochi,350,Exhibition,450,72
Sports,Pune,500,Concert,400,98
Music,Mumbai,800,Conference,1000,54
Sports,Hyderabad,1650,Training,1100,63
Photography,Coimbatore,1000,Concert,1650,74
Photography,Kochi,1300,Festival,1100,75
Music,Hyderabad,1150,Festival,950,100
Education,Pune,2050,Festival,1700,74
Business,Coimbatore,800,Exhibition,550,48
Photography,Mumbai,1300,Conference,2150,78
Travel,Bangalore,250,Football,150,85
Sports,Mumbai,250,Seminar,300,45
Photography,Bangalore,1500,Workshop,1000,85
Technology,Pune,700,Training,450,61
Music,Mumbai,350,Football,300,69
Health,Mumbai,250,Training,300,80
Gaming,Coimbatore,1200,Concert,1500,100
Travel,Trichy,1100,Concert,900,96
Education,Kochi,1200,Seminar,800,61
Art,Mumbai,950,Festival,1600,100
Education,Madurai,600,Hackathon,600,70
Education,Chennai,250,Football,300,66
Education,Trichy,2300,Concert,1550,97
Music,Kochi,550,Festival,700,100
Photography,Hyderabad,350,Esports,600,68
Art,Chennai,550,Seminar,550,63
Technology,Trichy,1700,Esports,1150,87
Travel,Mumbai,600,Festival,600,100
Art,Kochi,2000,Festival,1650,79
Travel,Pune,800,Hackathon,1350,100
Art,Chennai,250,Seminar,200,52
Education,Kochi,500,Training,350,80
Travel,Hyderabad,1900,Concert,1250,82
Photography,Bangalore,300,Football,250,66
Technology,Delhi,350,Seminar,550,56
Gaming,Kochi,350,Concert,550,85
Sports,Chennai,1400,Concert,1150,91
Gaming,Coimbatore,900,Training,900,64
Sports,Madurai,750,Seminar,500,76
Business,Mumbai,1550,Esports,1550,79
Education,Trichy,750,Exhibition,750,54
Sports,Chennai,1000,Festival,650,85
Health,Trichy,1000,Seminar,650,74
Health,Chennai,300,Seminar,350,51
Music,Hyderabad,950,Workshop,950,61
Music,Kochi,550,Exhibition,550,71
Photography,Hyderabad,400,Exhibition,250,51
Art,Trichy,800,Hackathon,1000,79
Photography,Hyderabad,1500,Training,1250,60
Education,Hyderabad,950,Conference,950,62
Health,Trichy,900,Concert,1150,90
Business,Hyderabad,750,Seminar,500,60
Health,Mumbai,700,Concert,1150,83
Art,Trichy,250,Concert,450,51
Art,Madurai,350,Football,300,73
Health,Madurai,2400,Festival,1600,94
Music,Madurai,800,Football,650,86
Sports,Kochi,1150,Training,1150,69
Art,Bangalore,900,Training,1100,70
Photography,Bangalore,250,Exhibition,200,59
Photography,Trichy,800,Seminar,650,47
Technology,Trichy,1400,Conference,2300,71
Gaming,Mumbai,400,Festival,650,84
Health,Chennai,950,Esports,1550,81
Art,Madurai,1050,Festival,700,88
Sports,Bangalore,1450,Training,1200,90
Gaming,Mumbai,400,Seminar,700,69
Photography,Delhi,400,Workshop,650,59
Art,Pune,500,Exhibition,600,54
Music,Delhi,650,Exhibition,550,58
Health,Madurai,1450,Concert,1200,91
Technology,Coimbatore,550,Seminar,700,72
Gaming,Mumbai,750,Esports,750,97
Art,Coimbatore,600,Exhibition,600,69
Business,Trichy,250,Football,350,68
Travel,Trichy,650,Conference,1100,40
Music,Chennai,1800,Esports,1500,71
Art,Trichy,300,Football,400,74
Travel,Coimbatore,250,Exhibition,150,76
Sports,Trichy,450,Seminar,550,53
Travel,Delhi,1000,Hackathon,1000,83
Art,Coimbatore,500,Workshop,400,67
Art,Chennai,1650,Concert,1100,73
Photography,Chennai,250,Football,200,100
Education,Chennai,300,Football,350,70
Education,Trichy,600,Football,600,86
Sports,Kochi,550,Concert,900,69
Education,Bangalore,350,Seminar,550,52
Photography,Pune,300,Seminar,250,61
Art,Hyderabad,2050,Festival,1700,100
Photography,Coimbatore,1500,Esports,1250,99
Technology,Kochi,750,Exhibition,500,81
Gaming,Bangalore,600,Exhibition,500,45
Travel,Pune,550,Concert,700,88
Travel,Chennai,500,Football,650,79
Education,Hyderabad,700,Workshop,450,73
Gaming,Pune,350,Concert,450,91
Travel,Mumbai,400,Hackathon,350,94
Education,Kochi,250,Football,200,84
Business,Hyderabad,1250,Esports,1550,66
Business,Kochi,1750,Concert,1450,64
Business,Trichy,800,Conference,1000,88
Sports,Trichy,250,Exhibition,250,58
Music,Mumbai,250,Seminar,400,71
Travel,Coimbatore,350,Exhibition,300,59
Technology,Coimbatore,250,Football,300,88
Photography,Trichy,600,Training,600,49
Technology,Madurai,1650,Festival,1650,79
Music,Madurai,350,Training,350,55
Technology,Chennai,1250,Workshop,1050,67
Photography,Coimbatore,1750,Concert,1450,90
Music,Mumbai,250,Exhibition,250,62
Sports,Bangalore,1000,Conference,1700,76
Sports,Coimbatore,400,Football,400,76
Music,Pune,700,Exhibition,700,56
Health,Mumbai,350,Exhibition,450,47
Business,Delhi,300,Football,500,75
Travel,Pune,650,Hackathon,650,97
Travel,Bangalore,1200,Conference,800,79
Education,Trichy,2950,Conference,2450,70
Technology,Bangalore,1200,Conference,800,75
Sports,Delhi,450,Exhibition,550,46
Music,Trichy,450,Seminar,450,72
Health,Madurai,1300,Esports,850,80
Art,Kochi,700,Esports,850,92
Business,Pune,1200,Hackathon,800,87
Business,Delhi,1300,Seminar,850,57
Sports,Bangalore,1150,Conference,1900,80
Music,Trichy,700,Seminar,700,49
Music,Trichy,1600,Festival,1350,82
Art,Pune,350,Football,350,84
Photography,Madurai,400,Football,400,84
Health,Hyderabad,1300,Hackathon,1300,83
Education,Trichy,350,Training,450,50
Sports,Bangalore,1800,Conference,1800,81
Business,Chennai,1600,Conference,1050,53
Education,Delhi,250,Exhibition,350,60
Art,Mumbai,1100,Concert,750,60
Business,Pune,1200,Concert,1200,76
Sports,Madurai,1400,Esports,1400,70
Technology,Mumbai,650,Esports,550,71
Travel,Bangalore,750,Training,750,76
Technology,Kochi,700,Seminar,900,64
Gaming,Trichy,1250,Festival,1050,100
Art,Madurai,300,Exhibition,350,62
Photography,Pune,350,Training,550,54
Education,Kochi,400,Seminar,700,60
Photography,Madurai,1600,Esports,2000,80
Art,Coimbatore,350,Workshop,350,94
Technology,Madurai,500,Esports,850,95
Music,Madurai,1500,Festival,1850,89
Business,Hyderabad,800,Esports,1300,100
Gaming,Bangalore,650,Workshop,650,58
Health,Kochi,250,Seminar,400,46
Business,Madurai,500,Seminar,800,74
Travel,Mumbai,250,Seminar,350,59
Sports,Trichy,1100,Esports,1850,70
Gaming,Delhi,1650,Festival,1100,100
Business,Kochi,700,Workshop,600,71
Photography,Pune,700,Conference,700,48
Health,Madurai,1600,Concert,1050,84
Health,Bangalore,1350,Festival,1700,100
Technology,Bangalore,350,Football,600,73
Education,Bangalore,750,Esports,1250,59
Photography,Hyderabad,400,Football,350,77
Health,Coimbatore,2600,Esports,1750,80
Art,Bangalore,1200,Concert,1500,89
Business,Bangalore,900,Seminar,600,71
Photography,Coimbatore,950,Seminar,800,49
Business,Kochi,800,Training,550,72
Travel,Trichy,2400,Esports,2000,69
Music,Hyderabad,700,Training,450,66
Music,Kochi,1900,Conference,2400,66
Photography,Mumbai,650,Festival,650,77
Education,Madurai,1900,Training,1250,48
Business,Hyderabad,2200,Esports,1850,85
Art,Chennai,950,Festival,950,81
Health,Trichy,350,Exhibition,550,44
Art,Mumbai,1500,Hackathon,1250,97
Music,Delhi,400,Workshop,350,70
Music,Bangalore,250,Exhibition,200,52
Health,Delhi,550,Exhibition,550,54
Gaming,Trichy,1200,Festival,1500,84
Education,Pune,900,Exhibition,600,75
Education,Bangalore,3500,Conference,2350,75
Music,Chennai,350,Football,450,82
Sports,Hyderabad,2350,Conference,2350,57
Art,Trichy,1950,Conference,2450,56
Gaming,Pune,400,Football,500,94
Photography,Chennai,1050,Festival,1750,96
Photography,Chennai,1200,Festival,1000,86
Photography,Kochi,1400,Esports,1150,50
Photography,Coimbatore,900,Esports,900,86
Health,Mumbai,600,Exhibition,600,57
Gaming,Mumbai,250,Seminar,200,32
Music,Pune,450,Workshop,550,91
Technology,Kochi,900,Training,750,66
Technology,Kochi,350,Football,600,97
Sports,Hyderabad,2100,Conference,1750,61
Travel,Trichy,300,Seminar,300,53
Business,Madurai,400,Football,250,95
Technology,Coimbatore,300,Exhibition,350,78
Sports,Hyderabad,250,Football,150,100
Photography,Madurai,1000,Concert,1250,65
Health,Mumbai,1150,Training,950,65
Education,Trichy,1000,Festival,650,90
Health,Bangalore,350,Training,300,48
Art,Mumbai,400,Seminar,500,70
Technology,Hyderabad,1600,Hackathon,1350,100
Gaming,Trichy,650,Football,550,88
Photography,Mumbai,350,Football,450,82
Art,Trichy,500,Football,600,82
Technology,Pune,1400,Festival,1400,78
Art,Chennai,1450,Hackathon,1200,100
Technology,Chennai,1050,Esports,1750,65
Gaming,Madurai,300,Esports,500,78
Music,Madurai,550,Workshop,450,50
Gaming,Kochi,1300,Festival,1600,60
Gaming,Kochi,900,Workshop,900,82
Travel,Kochi,1100,Concert,900,100
Music,Madurai,700,Workshop,850,68
Art,Chennai,700,Festival,900,87
Technology,Hyderabad,1200,Hackathon,1500,78
Technology,Trichy,600,Festival,750,100
Gaming,Trichy,700,Concert,900,90
Health,Hyderabad,1300,Hackathon,1100,92
Technology,Hyderabad,1650,Hackathon,1100,65
Technology,Madurai,950,Esports,800,79
Travel,Pune,750,Training,750,77
Technology,Hyderabad,600,Hackathon,600,75
Gaming,Kochi,900,Seminar,750,67
Gaming,Madurai,500,Workshop,650,83
Photography,Delhi,400,Football,350,95
Health,Kochi,1100,Hackathon,1400,90
Gaming,Trichy,2500,Concert,1650,79
Business,Kochi,1950,Festival,1300,81
Business,Pune,2300,Concert,1550,100
Photography,Delhi,450,Training,450,56
Education,Kochi,350,Exhibition,300,59
Education,Bangalore,1200,Seminar,800,55
Education,Pune,350,Training,550,63
Health,Mumbai,1600,Concert,1600,70
Travel,Kochi,1200,Festival,1000,87
Sports,Bangalore,1350,Festival,1700,88
Education,Trichy,300,Training,300,63
Art,Pune,2900,Conference,2400,81
Photography,Kochi,1150,Concert,950,56
Travel,Coimbatore,250,Exhibition,150,64
Photography,Hyderabad,250,Workshop,350,79
Health,Delhi,600,Training,1000,57
Technology,Bangalore,500,Seminar,500,44
Photography,Hyderabad,350,Football,600,100
Gaming,Madurai,700,Festival,700,99
Business,Hyderabad,900,Concert,1500,84
Music,Hyderabad,2650,Conference,2200,52
Travel,Coimbatore,1000,Training,1250,61
Art,Chennai,300,Festival,500,100
Gaming,Hyderabad,2400,Conference,2400,66
Gaming,Pune,500,Exhibition,500,47
Business,Kochi,250,Exhibition,250,63
Education,Delhi,600,Training,500,74
Gaming,Chennai,1350,Festival,1700,70
Sports,Trichy,1550,Conference,1300,67
Photography,Coimbatore,250,Seminar,200,68
Gaming,Coimbatore,1550,Hackathon,1300,63
Gaming,Pune,1400,Training,1150,87
Sports,Madurai,2100,Festival,1750,86
Sports,Kochi,950,Festival,1550,91
Health,Kochi,1700,Conference,2100,64
Sports,Coimbatore,300,Exhibition,250,70
Business,Trichy,1250,Esports,1050,90
Photography,Delhi,650,Training,1100,67
Education,Pune,750,Football,500,96
Technology,Coimbatore,1300,Hackathon,1300,80
Technology,Mumbai,250,Football,300,66
Education,Hyderabad,850,Esports,1450,77
Gaming,Kochi,800,Training,650,44
Music,Delhi,250,Football,200,87
Gaming,Pune,1450,Esports,1200,85
Music,Madurai,900,Exhibition,600,61
Photography,Delhi,250,Seminar,450,66
Music,Trichy,1200,Concert,1000,72
Music,Trichy,3200,Conference,2150,76
Photography,Pune,600,Festival,600,100
Technology,Pune,250,Exhibition,300,77
Photography,Hyderabad,2100,Conference,1750,76
Art,Trichy,550,Workshop,950,70
Technology,Pune,350,Football,350,66
Gaming,Chennai,1200,Workshop,1000,85
Gaming,Bangalore,750,Hackathon,750,94
Education,Coimbatore,400,Football,250,86
Education,Bangalore,600,Training,500,79
Music,Delhi,500,Hackathon,800,78
Sports,Pune,900,Concert,1150,96
Technology,Delhi,800,Workshop,1000,87
Music,Trichy,250,Seminar,150,63
Gaming,Chennai,2250,Conference,1500,76
Photography,Delhi,2250,Concert,1500,100
Music,Delhi,450,Exhibition,550,73
Photography,Madurai,800,Exhibition,800,71
Photography,Hyderabad,350,Exhibition,350,72
Health,Kochi,1650,Festival,1650,78
Gaming,Chennai,1000,Seminar,850,74
Sports,Delhi,400,Seminar,350,67
Music,Bangalore,400,Workshop,400,96
Education,Madurai,1900,Concert,1250,87
Business,Madurai,1550,Esports,1550,81
Gaming,Bangalore,1400,Esports,1150,72
Technology,Coimbatore,1000,Festival,1700,88
Business,Mumbai,1400,Esports,1750,85
Music,Delhi,750,Football,500,97
Travel,Kochi,300,Exhibition,300,77
Business,Coimbatore,650,Seminar,550,64
Music,Madurai,300,Football,350,73
Sports,Chennai,650,Training,800,81
Business,Hyderabad,450,Exhibition,300,69
Gaming,Hyderabad,250,Seminar,250,58
Music,Chennai,850,Seminar,700,32
Education,Chennai,550,Festival,700,90
Travel,Hyderabad,1900,Concert,1600,95
Photography,Madurai,2200,Festival,1850,100
Health,Hyderabad,1000,Seminar,650,78
Health,Mumbai,1250,Esports,1550,90
Art,Chennai,300,Workshop,250,83
Technology,Delhi,650,Workshop,550,66
Art,Bangalore,850,Conference,700,63
Education,Delhi,650,Hackathon,650,99
Business,Kochi,2300,Esports,1900,86
Business,Mumbai,950,Esports,950,86
Music,Kochi,350,Football,350,81
Business,Kochi,700,Training,700,50
Technology,Kochi,1150,Esports,950,87
Health,Madurai,800,Festival,800,78
Photography,Madurai,1200,Training,1200,44
Travel,Mumbai,450,Workshop,750,100
Gaming,Bangalore,350,Workshop,550,87
Travel,Bangalore,400,Seminar,400,54
Sports,Trichy,1450,Hackathon,1450,78
Sports,Trichy,250,Workshop,450,90
Art,Trichy,750,Seminar,500,57
Gaming,Pune,750,Festival,1250,100
Health,Pune,1600,Conference,1050,57
Education,Coimbatore,450,Football,300,86
Health,Coimbatore,400,Football,250,56
Health,Hyderabad,800,Exhibition,650,74
Business,Mumbai,400,Exhibition,350,49
Travel,Pune,550,Conference,950,68
Art,Madurai,800,Hackathon,800,71
Health,Trichy,500,Hackathon,500,100
Art,Coimbatore,2200,Concert,1450,93
Technology,Bangalore,450,Workshop,450,60
Travel,Coimbatore,2000,Festival,1350,90
Music,Hyderabad,450,Seminar,550,56
Travel,Mumbai,650,Conference,1050,77
Sports,Hyderabad,350,Exhibition,450,71
Art,Mumbai,1100,Workshop,900,77
Sports,Pune,1000,Seminar,850,60
Business,Trichy,500,Exhibition,350,40
Education,Chennai,400,Football,400,89
Music,Madurai,250,Exhibition,250,76
Health,Pune,700,Seminar,850,49
Art,Trichy,650,Hackathon,800,64
Gaming,Chennai,3000,Esports,2000,74
Travel,Kochi,1250,Festival,1050,79
Music,Hyderabad,300,Seminar,500,89
Education,Coimbatore,550,Conference,700,51
Music,Chennai,1600,Conference,1050,64
Music,Coimbatore,550,Seminar,700,77
Music,Kochi,650,Hackathon,1050,76
Technology,Mumbai,1250,Hackathon,1050,94
Music,Mumbai,1800,Esports,1200,67
Travel,Trichy,800,Festival,1300,81
Business,Bangalore,250,Workshop,400,91
Gaming,Trichy,350,Football,550,58
Education,Chennai,250,Seminar,300,67
Technology,Chennai,1200,Concert,1200,96
Education,Hyderabad,2150,Festival,1800,70
Business,Hyderabad,500,Exhibition,650,62
Art,Bangalore,1150,Hackathon,1450,73
Art,Delhi,450,Football,450,82
Education,Mumbai,1300,Conference,2200,55
Art,Madurai,250,Seminar,200,84
Technology,Kochi,400,Seminar,700,97
Sports,Trichy,1000,Esports,650,76
Photography,Pune,2100,Concert,1400,89
Technology,Kochi,1950,Festival,1300,66
Technology,Chennai,350,Football,600,72
Music,Mumbai,1300,Esports,1300,85
Health,Pune,800,Hackathon,1300,79
Sports,Mumbai,250,Seminar,250,50
Health,Mumbai,250,Football,150,66
Travel,Coimbatore,250,Football,150,69
Health,Mumbai,300,Football,500,88
Gaming,Bangalore,2850,Esports,1900,75
Photography,Mumbai,400,Exhibition,650,47
Sports,Chennai,300,Exhibition,500,54
Gaming,Delhi,600,Hackathon,600,75
Sports,Trichy,1350,Conference,2250,57
Health,Bangalore,900,Workshop,600,88
Gaming,Coimbatore,350,Esports,600,83
Technology,Kochi,800,Concert,1000,79
Health,Coimbatore,1900,Conference,1900,70
Gaming,Mumbai,900,Training,1150,61
Health,Mumbai,1300,Training,1100,51
Business,Delhi,500,Training,400,52
Art,Coimbatore,650,Football,550,69
Gaming,Madurai,1650,Esports,1100,91
Education,Delhi,750,Workshop,500,60
Education,Delhi,250,Football,450,95
Art,Pune,300,Seminar,350,52
Technology,Chennai,1800,Concert,1500,100
Travel,Mumbai,1900,Esports,1600,79
Art,Mumbai,1600,Concert,1350,85
Health,Pune,450,Exhibition,450,50
Music,Trichy,700,Exhibition,600,47
Gaming,Pune,550,Workshop,450,72
Gaming,Kochi,300,Workshop,400,96
Business,Hyderabad,1150,Concert,1450,82
Education,Hyderabad,500,Exhibition,350,59
Education,Trichy,1400,Conference,2300,66
Art,Trichy,950,Conference,1550,64
Photography,Chennai,400,Conference,700,82
Education,Hyderabad,600,Seminar,500,72
Sports,Kochi,1300,Hackathon,850,90
Technology,Bangalore,1400,Training,1150,78
Music,Trichy,900,Festival,600,78
Business,Kochi,900,Festival,1150,96
Travel,Delhi,700,Esports,850,67
Art,Mumbai,550,Concert,950,83
Music,Trichy,2500,Concert,1650,100
Art,Chennai,700,Esports,700,66
Music,Madurai,500,Festival,850,100
Health,Kochi,900,Workshop,900,99
Business,Chennai,400,Seminar,350,69
Sports,Coimbatore,300,Football,250,76
Art,Chennai,1200,Training,800,78
Travel,Coimbatore,400,Training,700,66
Sports,Trichy,600,Seminar,400,58
Health,Madurai,300,Hackathon,400,78
Health,Pune,850,Exhibition,700,54
Photography,Bangalore,550,Festival,700,98
Health,Kochi,400,Exhibition,500,53
Travel,Mumbai,1000,Training,850,61
Travel,Trichy,250,Seminar,300,55
Health,Trichy,1050,Conference,1750,52
Technology,Kochi,950,Hackathon,1200,100
Sports,Mumbai,400,Exhibition,350,61
Education,Hyderabad,1000,Training,1000,72
Education,Madurai,600,Workshop,500,75
Art,Coimbatore,300,Football,500,84
Sports,Mumbai,400,Workshop,350,71
Business,Delhi,350,Football,600,100
Music,Madurai,800,Seminar,800,88
Sports,Chennai,2000,Festival,1650,72
Photography,Coimbatore,500,Exhibition,650,65
Gaming,Kochi,1300,Hackathon,1100,97
Photography,Bangalore,450,Seminar,750,44
Sports,Madurai,950,Concert,800,90
Photography,Chennai,550,Workshop,700,80
Art,Chennai,750,Esports,1250,60
Music,Hyderabad,600,Hackathon,750,63
Gaming,Kochi,700,Training,1150,58
Sports,Delhi,1500,Conference,1250,69
Music,Pune,1250,Conference,1250,83
Education,Trichy,700,Esports,900,100
Sports,Hyderabad,650,Concert,1100,84
Art,Madurai,250,Football,250,65
Photography,Mumbai,650,Training,1050,53
Technology,Chennai,1500,Hackathon,1500,86
Gaming,Bangalore,1300,Concert,1650,50
Sports,Mumbai,800,Esports,650,100
Music,Trichy,250,Exhibition,100,63
Music,Mumbai,250,Exhibition,150,46
Gaming,Pune,650,Football,550,81
Sports,Delhi,400,Seminar,650,60
Business,Pune,350,Exhibition,300,58
Business,Delhi,1450,Esports,1800,65
Travel,Mumbai,1150,Concert,1450,93
Photography,Coimbatore,250,Exhibition,150,48
Technology,Pune,1100,Concert,1400,82
Art,Pune,250,Exhibition,300,47
Music,Trichy,2900,Conference,2400,53
Health,Chennai,1150,Festival,1450,70
Travel,Delhi,850,Concert,1450,100
Business,Mumbai,600,Exhibition,750,54
Gaming,Coimbatore,500,Seminar,650,68
Education,Bangalore,450,Exhibition,300,69
Art,Kochi,1900,Festival,1600,94
Music,Coimbatore,250,Football,250,79
Health,Mumbai,2800,Esports,1850,86
Health,Coimbatore,600,Concert,400,90
Travel,Chennai,1900,Training,1250,60
Music,Pune,300,Training,350,61
Education,Pune,400,Seminar,350,45
Sports,Bangalore,800,Exhibition,550,51
Health,Mumbai,350,Exhibition,350,54
Photography,Hyderabad,2700,Esports,1800,70
Business,Madurai,850,Festival,850,88
Gaming,Pune,1150,Workshop,950,71
Art,Pune,250,Exhibition,400,58
Photography,Hyderabad,1400,Conference,1750,74
Photography,Chennai,750,Festival,950,96
Gaming,Delhi,1100,Training,900,55
Art,Madurai,950,Hackathon,950,90
Business,Coimbatore,450,Exhibition,450,57
Education,Madurai,600,Football,400,58
Technology,Madurai,500,Seminar,650,62
Music,Kochi,400,Seminar,400,60
Music,Trichy,1000,Esports,1250,70
Gaming,Madurai,550,Football,450,81
Photography,Delhi,1050,Concert,700,69
Music,Bangalore,300,Football,250,83
Photography,Chennai,1000,Exhibition,650,58
Travel,Delhi,950,Festival,1550,97
Music,Bangalore,800,Festival,1000,90
Travel,Coimbatore,1650,Esports,1100,97
Education,Hyderabad,350,Football,550,86
Education,Delhi,1500,Concert,1000,81
Technology,Pune,300,Concert,400,100
Technology,Chennai,400,Seminar,500,50
Travel,Mumbai,450,Training,300,61
Health,Coimbatore,850,Festival,700,75
Photography,Chennai,800,Conference,1350,76
Sports,Pune,250,Seminar,200,55
Technology,Delhi,1000,Hackathon,650,83
Music,Pune,1500,Esports,1900,90
Photography,Mumbai,550,Seminar,450,58
Music,Delhi,550,Seminar,700,55
Business,Bangalore,1000,Exhibition,650,69
Travel,Trichy,600,Football,600,60
Art,Chennai,300,Exhibition,350,61
Art,Pune,1050,Exhibition,700,63
Business,Delhi,1100,Hackathon,900,73
Business,Chennai,900,Training,1150,42
Travel,Pune,750,Seminar,750,42
Art,Madurai,1050,Football,700,87
Gaming,Coimbatore,300,Training,300,66
Sports,Madurai,700,Conference,850,55
Technology,Madurai,1500,Workshop,1000,73
Sports,Madurai,1350,Concert,900,88
Health,Madurai,2450,Esports,2050,80
Music,Bangalore,950,Hackathon,800,90
Education,Hyderabad,950,Conference,1200,82
Music,Trichy,250,Seminar,150,76
Gaming,Hyderabad,350,Hackathon,450,51
Business,Coimbatore,1100,Seminar,750,70
Photography,Bangalore,650,Seminar,550,60
Health,Madurai,250,Workshop,250,64
Health,Delhi,250,Training,300,67
Gaming,Chennai,650,Seminar,550,53
Gaming,Bangalore,300,Hackathon,500,67
Art,Mumbai,950,Conference,1200,48
Sports,Bangalore,1900,Conference,2400,74
Business,Coimbatore,700,Concert,1200,94
Art,Bangalore,700,Festival,1150,91
Music,Delhi,1200,Conference,1000,89
Health,Kochi,1350,Conference,900,77
Art,Chennai,450,Festival,750,72
Music,Coimbatore,900,Football,600,74
Technology,Hyderabad,450,Seminar,550,37
Art,Hyderabad,700,Seminar,850,48
Business,Mumbai,450,Football,300,70
Business,Pune,700,Conference,850,77
Education,Bangalore,500,Training,350,90
Education,Madurai,400,Football,400,88
Gaming,Madurai,300,Football,400,82
Music,Mumbai,550,Workshop,550,80
Gaming,Hyderabad,2550,Festival,1700,94
Health,Chennai,750,Seminar,750,53
Art,Hyderabad,1000,Esports,1000,63
Business,Hyderabad,1400,Conference,1400,67
Travel,Kochi,1400,Workshop,950,85
Sports,Trichy,450,Seminar,750,69
Music,Chennai,2050,Conference,2050,61
Travel,Madurai,1050,Esports,700,100
Travel,Hyderabad,1200,Training,1200,65
Business,Chennai,1150,Esports,1150,50
Health,Pune,800,Workshop,550,77
Music,Mumbai,350,Concert,550,84
Music,Trichy,1100,Concert,750,89
Technology,Hyderabad,500,Exhibition,600,60
Gaming,Chennai,900,Training,750,96
Music,Delhi,450,Concert,550,76
Health,Hyderabad,1200,Training,1200,65
Technology,Mumbai,850,Hackathon,1400,100
Art,Delhi,650,Hackathon,1100,100
Music,Chennai,1550,Festival,1550,86
Music,Kochi,700,Concert,700,70
Health,Pune,450,Training,750,81
Gaming,Trichy,2000,Hackathon,1350,72
Music,Madurai,600,Hackathon,750,81
Technology,Madurai,500,Workshop,350,67
Art,Trichy,700,Workshop,600,56
Gaming,Madurai,550,Workshop,900,62
Music,Chennai,1150,Workshop,950,62
Education,Madurai,950,Concert,950,79
Art,Madurai,1400,Esports,1750,71
Art,Kochi,350,Training,550,64
Photography,Pune,1000,Esports,1000,76
Technology,Kochi,800,Festival,550,88
Travel,Delhi,800,Concert,1000,83
Gaming,Chennai,650,Esports,650,56
Health,Trichy,250,Seminar,200,60
Gaming,Kochi,800,Seminar,800,53
Photography,Pune,1600,Conference,1050,68
Travel,Pune,950,Esports,1550,90
Health,Kochi,3450,Conference,2300,61
Education,Bangalore,2100,Conference,1400,37
Health,Trichy,500,Football,400,74
Photography,Bangalore,250,Football,200,80
Technology,Mumbai,350,Exhibition,600,42
Health,Coimbatore,400,Exhibition,250,61
Sports,Pune,450,Football,450,85
Photography,Mumbai,500,Football,500,64
Gaming,Coimbatore,850,Concert,850,88
Business,Delhi,3150,Conference,2100,70
Technology,Pune,400,Training,500,59
Gaming,Coimbatore,500,Football,500,78
Art,Kochi,450,Workshop,450,91
Art,Mumbai,250,Workshop,300,64
Technology,Kochi,1550,Esports,1300,87
Business,Bangalore,650,Football,550,78
Art,Kochi,900,Workshop,600,70
Sports,Kochi,1650,Esports,1100,71
Travel,Bangalore,1900,Esports,1250,60
Health,Madurai,650,Workshop,1050,73
Health,Pune,2200,Esports,1450,90
Photography,Delhi,1100,Conference,1850,85
Technology,Kochi,650,Concert,650,95
Technology,Chennai,550,Workshop,700,84
Health,Delhi,600,Hackathon,600,87
Gaming,Bangalore,1900,Conference,2350,98
Sports,Coimbatore,2400,Festival,1600,96
Gaming,Kochi,350,Workshop,450,78
Travel,Mumbai,700,Seminar,600,35
Gaming,Chennai,1350,Concert,900,95
Sports,Coimbatore,1050,Hackathon,1050,79
Health,Pune,400,Football,400,82
Sports,Bangalore,700,Festival,1150,83
Health,Mumbai,1400,Concert,950,99
Music,Chennai,550,Workshop,450,63
Travel,Kochi,1700,Esports,2100,92
Sports,Mumbai,1100,Esports,1800,60
Business,Chennai,700,Hackathon,700,73
Health,Delhi,250,Seminar,200,66
Sports,Bangalore,300,Football,200,72
Education,Pune,250,Workshop,350,71
Art,Bangalore,1100,Concert,900,74
Photography,Mumbai,750,Seminar,750,61
Business,Pune,2600,Festival,1750,84
Business,Pune,350,Training,550,61
Travel,Hyderabad,500,Training,650,66
Music,Hyderabad,300,Concert,500,72
Photography,Coimbatore,600,Workshop,1000,75
Photography,Trichy,1300,Hackathon,850,92
Sports,Pune,700,Training,450,62
Technology,Kochi,250,Exhibition,250,44
Business,Mumbai,400,Seminar,250,75
Business,Kochi,850,Esports,1450,82
Travel,Madurai,800,Exhibition,550,50
Business,Hyderabad,1550,Hackathon,1300,100
Music,Bangalore,250,Seminar,200,62
Art,Coimbatore,950,Festival,1550,86
Sports,Hyderabad,400,Exhibition,700,53
Music,Bangalore,350,Exhibition,550,78
Sports,Pune,2850,Esports,1900,77
Business,Mumbai,700,Training,450,79
Technology,Delhi,250,Football,100,62
Business,Hyderabad,450,Training,550,69
Art,Kochi,900,Seminar,900,68
Business,Trichy,1300,Esports,1100,94
Education,Pune,250,Workshop,300,82
Sports,Hyderabad,700,Training,450,64
Music,Chennai,650,Exhibition,550,57
Art,Pune,2250,Conference,1500,54
Art,Hyderabad,750,Esports,1250,78
Education,Kochi,1350,Concert,1350,77
Photography,Hyderabad,1500,Conference,1500,50
Sports,Coimbatore,1150,Workshop,950,64
Health,Mumbai,700,Hackathon,1200,74
Art,Delhi,600,Seminar,750,43
Music,Chennai,400,Exhibition,700,56
Health,Delhi,250,Workshop,250,85
Photography,Hyderabad,2050,Festival,1700,100
Music,Bangalore,600,Seminar,500,78
Travel,Kochi,1200,Hackathon,1500,90
Education,Mumbai,400,Seminar,500,50
Music,Hyderabad,500,Training,800,68
Education,Bangalore,900,Festival,900,100
Photography,Hyderabad,300,Seminar,400,67
Technology,Mumbai,250,Seminar,400,67
Travel,Trichy,900,Esports,900,96
Education,Trichy,500,Workshop,800,83
Gaming,Mumbai,1000,Workshop,1000,88
Education,Hyderabad,500,Seminar,400,61
Travel,Hyderabad,700,Esports,600,92
Travel,Trichy,800,Training,550,72
Health,Mumbai,500,Seminar,350,53
Business,Pune,1300,Esports,850,64
Business,Madurai,400,Workshop,500,71
Education,Chennai,500,Exhibition,600,62
Education,Pune,450,Exhibition,300,42
Music,Kochi,250,Exhibition,150,52
Art,Coimbatore,600,Exhibition,600,45
Gaming,Mumbai,1750,Festival,1750,88
Travel,Kochi,700,Hackathon,600,81
Music,Trichy,700,Festival,600,78
Gaming,Coimbatore,700,Workshop,600,86
Gaming,Hyderabad,1100,Hackathon,1400,88
Art,Chennai,1050,Seminar,700,63
Gaming,Kochi,2750,Conference,2300,50
Photography,Coimbatore,250,Hackathon,400,88
Technology,Hyderabad,250,Exhibition,150,47
Photography,Chennai,350,Football,600,74
Music,Kochi,550,Workshop,450,87
Sports,Hyderabad,2250,Conference,2250,64
Sports,Chennai,1050,Conference,1050,82
Art,Madurai,400,Seminar,650,50
Sports,Coimbatore,1400,Hackathon,950,77
Photography,Coimbatore,250,Hackathon,350,88
Sports,Kochi,600,Exhibition,600,73
Sports,Delhi,1250,Esports,1250,90
Business,Mumbai,250,Seminar,250,47
Education,Mumbai,1550,Esports,1950,74
Technology,Madurai,250,Exhibition,300,59
Art,Kochi,1800,Concert,1500,79
Sports,Coimbatore,400,Exhibition,250,44
Music,Mumbai,750,Concert,1250,85
Music,Madurai,300,Hackathon,350,78
Travel,Coimbatore,250,Training,250,62
Sports,Chennai,1150,Conference,1900,76
Music,Bangalore,950,Hackathon,800,88
Music,Coimbatore,250,Football,150,75
Travel,Delhi,400,Workshop,500,58
Sports,Bangalore,550,Workshop,450,72
Health,Coimbatore,1700,Training,1150,78
Technology,Pune,250,Football,250,71
Travel,Hyderabad,800,Festival,650,88
Music,Bangalore,800,Training,800,87
Travel,Bangalore,350,Training,600,72
Education,Chennai,1400,Conference,2350,86
Business,Delhi,500,Training,800,88
Business,Pune,500,Seminar,400,61
Health,Delhi,1000,Training,850,77
Education,Pune,500,Football,500,100
Art,Kochi,500,Esports,800,85
Art,Madurai,250,Seminar,200,53
Technology,Chennai,1450,Festival,1800,87
Photography,Mumbai,600,Workshop,600,66
Travel,Kochi,650,Festival,550,80
Travel,Mumbai,900,Festival,1500,63
Travel,Delhi,250,Workshop,350,81
Music,Coimbatore,900,Concert,750,100
Photography,Chennai,250,Exhibition,400,28
Photography,Delhi,300,Exhibition,350,62
Business,Mumbai,850,Festival,1050,86
Business,Hyderabad,500,Concert,400,78
Travel,Hyderabad,800,Festival,1000,87
Education,Mumbai,300,Workshop,400,57
Art,Delhi,700,Esports,600,68
Education,Trichy,950,Conference,800,78
Art,Delhi,300,Training,400,49
Business,Hyderabad,550,Workshop,700,84
Health,Coimbatore,850,Seminar,700,62
Gaming,Hyderabad,350,Workshop,300,99
Music,Chennai,250,Seminar,150,67
Health,Madurai,2250,Concert,1500,100
Technology,Chennai,1100,Esports,750,78
Technology,Madurai,1400,Festival,1150,83
Education,Delhi,1350,Concert,900,100
Music,Bangalore,550,Seminar,700,62
Art,Chennai,500,Conference,650,84
Education,Trichy,550,Seminar,700,73
Sports,Trichy,1300,Training,1100,49
Gaming,Pune,250,Football,250,79
Technology,Pune,1050,Seminar,700,58
Photography,Mumbai,800,Hackathon,1300,87
Gaming,Trichy,700,Exhibition,700,59
Technology,Kochi,1100,Festival,750,70
Sports,Trichy,1000,Hackathon,650,84
Education,Delhi,1500,Conference,1250,61
Music,Chennai,500,Hackathon,400,97
Travel,Pune,250,Seminar,300,55
Health,Hyderabad,550,Concert,550,76
Health,Chennai,350,Training,450,64
Travel,Trichy,350,Exhibition,550,73
Health,Coimbatore,800,Training,1300,45
Business,Hyderabad,250,Seminar,350,67
Gaming,Pune,250,Workshop,200,88
Travel,Trichy,1150,Conference,950,73
Technology,Coimbatore,650,Festival,800,80
Technology,Coimbatore,250,Exhibition,200,47
Gaming,Pune,550,Concert,450,69
Technology,Pune,2550,Festival,1700,74
Sports,Bangalore,1250,Hackathon,1250,83
Business,Madurai,350,Exhibition,300,72
Music,Trichy,550,Training,450,83
Gaming,Pune,1900,Conference,2350,88
Education,Trichy,250,Football,200,67
Photography,Pune,300,Esports,500,63
Gaming,Chennai,700,Training,1150,58
Education,Delhi,700,Hackathon,700,73
Photography,Trichy,350,Concert,550,100
Sports,Chennai,300,Exhibition,350,59
Photography,Delhi,250,Exhibition,300,52
Business,Mumbai,400,Exhibition,350,69
Gaming,Mumbai,250,Training,300,83
Education,Coimbatore,250,Workshop,300,68
Art,Coimbatore,1000,Hackathon,650,91
Music,Hyderabad,500,Hackathon,350,84
Health,Trichy,250,Exhibition,200,66
Music,Pune,700,Workshop,450,88
Music,Mumbai,250,Football,250,85
Art,Coimbatore,900,Seminar,900,66
Art,Bangalore,1500,Festival,1850,68
Business,Madurai,250,Football,450,84
Travel,Chennai,900,Workshop,900,95
Education,Coimbatore,1050,Concert,1050,70
Business,Bangalore,800,Football,650,86
Health,Chennai,1500,Workshop,1000,81
Business,Pune,250,Football,100,90
Business,Trichy,1100,Conference,1850,63
Music,Chennai,300,Workshop,500,78
Health,Mumbai,450,Workshop,550,100
Sports,Delhi,800,Exhibition,550,57
Music,Madurai,1900,Conference,1250,55
Health,Hyderabad,2100,Conference,1400,68
Business,Pune,250,Exhibition,300,71
Sports,Pune,550,Festival,450,100
Technology,Chennai,500,Seminar,350,47
Gaming,Pune,300,Exhibition,250,56
Photography,Delhi,1900,Conference,2400,67
Business,Bangalore,300,Football,300,76
Technology,Madurai,350,Exhibition,600,73
Photography,Chennai,250,Football,300,72
Technology,Coimbatore,300,Football,400,79
Photography,Chennai,1000,Exhibition,650,82
Music,Coimbatore,600,Concert,500,83
Business,Pune,600,Football,500,87
Music,Mumbai,400,Workshop,350,84
Music,Chennai,600,Conference,600,55
Art,Coimbatore,900,Concert,1150,58
Business,Delhi,1700,Hackathon,1150,91
Sports,Pune,1800,Esports,1500,64
Photography,Delhi,400,Concert,700,83
Sports,Delhi,2450,Conference,2450,45
Photography,Bangalore,500,Concert,850,77
Travel,Hyderabad,1100,Festival,900,75
Sports,Chennai,850,Concert,1450,73
Health,Chennai,250,Football,400,95
Technology,Hyderabad,1000,Festival,650,100
Gaming,Kochi,250,Football,450,70
Business,Bangalore,1150,Workshop,950,61
Art,Bangalore,1000,Exhibition,650,70
Photography,Madurai,1250,Esports,2100,80
Travel,Coimbatore,1500,Hackathon,1000,85
Business,Chennai,1300,Training,1100,64
Art,Pune,1600,Training,1050,72
Technology,Bangalore,1300,Workshop,1100,84
Health,Bangalore,550,Seminar,550,54
Music,Coimbatore,800,Esports,550,79
Technology,Kochi,1400,Concert,950,99
Sports,Delhi,2800,Esports,1850,76
Art,Trichy,1500,Concert,1500,78
Art,Coimbatore,250,Seminar,300,51
Photography,Mumbai,850,Festival,1450,100
Health,Bangalore,900,Esports,750,86
Photography,Coimbatore,1100,Festival,1400,77
Music,Delhi,400,Training,400,65
Travel,Kochi,750,Hackathon,750,71
Business,Bangalore,850,Festival,1050,98
Music,Coimbatore,400,Seminar,250,45
Education,Mumbai,250,Seminar,250,55
Music,Bangalore,1800,Concert,1200,78
Sports,Coimbatore,1800,Festival,1500,94
Music,Bangalore,850,Conference,1400,78
Technology,Pune,400,Training,350,36
Photography,Madurai,450,Workshop,300,69
Education,Delhi,1000,Concert,1700,87
Travel,Delhi,2600,Festival,1750,89
Music,Mumbai,1050,Seminar,700,49
Sports,Madurai,800,Festival,650,56
Sports,Kochi,1700,Training,1150,49
Education,Chennai,900,Workshop,600,53
Technology,Trichy,250,Football,400,54
Music,Mumbai,500,Festival,800,97
Health,Delhi,300,Football,300,92
Technology,Pune,950,Concert,1200,75
Sports,Chennai,1850,Esports,1550,62
Business,Mumbai,500,Conference,800,72
Health,Mumbai,500,Workshop,500,92
Education,Pune,1300,Hackathon,1300,96
Travel,Chennai,1200,Workshop,1000,81
Education,Trichy,1950,Training,1300,88
Education,Madurai,350,Exhibition,550,63
Photography,Bangalore,1500,Esports,1000,74
Travel,Mumbai,250,Seminar,300,78
Technology,Pune,1100,Concert,1400,90
Business,Delhi,250,Football,250,83
Business,Pune,350,Seminar,450,80
Education,Chennai,250,Workshop,300,74
Sports,Madurai,2300,Conference,1900,75
Business,Hyderabad,1150,Conference,1150,65
Business,Kochi,800,Festival,1000,93
Art,Hyderabad,750,Training,500,72
Health,Coimbatore,1200,Seminar,800,78
Business,Chennai,950,Training,800,75
Photography,Chennai,450,Hackathon,750,87
Education,Hyderabad,1100,Hackathon,1350,63
Travel,Bangalore,1200,Concert,800,100
Travel,Coimbatore,900,Esports,750,88
Education,Delhi,950,Conference,1200,57
Technology,Trichy,1100,Festival,900,82
Education,Bangalore,1000,Training,1000,56
Technology,Pune,250,Football,100,77
Photography,Chennai,950,Festival,800,100
Sports,Chennai,1650,Training,1100,72
Music,Trichy,900,Seminar,750,43
Education,Bangalore,450,Exhibition,750,61
Health,Madurai,1250,Esports,1250,100
Travel,Madurai,550,Conference,950,82
Photography,Pune,250,Seminar,250,63
Education,Chennai,250,Football,350,68
Music,Chennai,1200,Workshop,800,94
Art,Bangalore,350,Seminar,350,67
Art,Coimbatore,450,Exhibition,450,74
Sports,Coimbatore,1500,Esports,1850,80
Travel,Kochi,1100,Esports,1850,78
Technology,Kochi,900,Hackathon,1150,100
Sports,Coimbatore,1300,Festival,1300,79
Photography,Kochi,1000,Training,650,68
Music,Bangalore,650,Football,650,97
Sports,Kochi,900,Conference,750,70
Art,Kochi,1650,Concert,1650,89
Music,Delhi,350,Concert,600,100
Sports,Mumbai,750,Hackathon,1250,77
Education,Hyderabad,400,Football,350,81
Music,Pune,1150,Concert,1150,86
Art,Delhi,250,Hackathon,350,64
Business,Trichy,500,Exhibition,350,51
Business,Chennai,400,Seminar,400,72
Business,Pune,1750,Esports,1750,72
Photography,Mumbai,750,Workshop,500,73
Travel,Chennai,500,Esports,600,90
Sports,Bangalore,450,Exhibition,450,50
Photography,Chennai,500,Exhibition,350,49
Gaming,Bangalore,350,Training,450,68
Travel,Hyderabad,1300,Concert,850,89
Sports,Trichy,450,Training,750,77
Photography,Pune,700,Hackathon,450,92
Travel,Mumbai,300,Football,500,81
Art,Chennai,950,Training,1200,64
Music,Pune,950,Concert,1550,98
Technology,Trichy,1200,Esports,2000,75
Business,Pune,900,Concert,750,98
Music,Hyderabad,600,Exhibition,400,51
Travel,Mumbai,1100,Workshop,750,92
Technology,Delhi,2000,Conference,1350,69
Education,Hyderabad,550,Workshop,700,93
Gaming,Mumbai,1000,Hackathon,1000,88
Education,Madurai,1500,Concert,1500,98
Education,Pune,250,Football,300,85
Sports,Chennai,1500,Conference,1250,72
Technology,Trichy,550,Seminar,450,52
Health,Coimbatore,250,Football,250,72
Health,Trichy,1400,Conference,1750,68
Gaming,Kochi,750,Training,950,59
Music,Coimbatore,400,Esports,500,82
Music,Kochi,400,Concert,700,96
Technology,Kochi,900,Training,750,70
Art,Hyderabad,2550,Esports,1700,72
Sports,Trichy,1400,Workshop,950,59
Gaming,Madurai,1150,Festival,950,86
Technology,Kochi,650,Conference,1050,75
Health,Kochi,600,Football,500,79
Health,Coimbatore,1950,Hackathon,1300,91
Music,Kochi,2500,Conference,2500,84
Business,Chennai,500,Training,500,74
Music,Chennai,950,Concert,1200,52
Travel,Madurai,950,Workshop,950,88
Travel,Coimbatore,1300,Concert,1600,100
Photography,Chennai,700,Workshop,700,86
Business,Coimbatore,1000,Hackathon,650,76
Gaming,Chennai,550,Festival,550,78
Business,Madurai,500,Football,500,70
Gaming,Coimbatore,1500,Esports,1500,75
Travel,Hyderabad,1300,Concert,1600,80
Art,Trichy,250,Football,450,89
Business,Madurai,300,Football,500,80
Music,Kochi,2850,Esports,1900,73
Music,Kochi,600,Hackathon,1000,55
Travel,Coimbatore,400,Concert,400,95
Photography,Bangalore,750,Concert,1250,75
Health,Madurai,250,Exhibition,300,34
Health,Hyderabad,750,Workshop,950,60
Education,Delhi,250,Exhibition,250,63
Health,Delhi,650,Training,550,74
Gaming,Chennai,550,Football,450,89
Sports,Madurai,1550,Festival,1550,91
Health,Coimbatore,250,Seminar,400,76
Photography,Kochi,400,Hackathon,650,53
Sports,Kochi,1300,Festival,1600,73
Sports,Delhi,250,Exhibition,300,59
Education,Madurai,750,Esports,750,85
Travel,Bangalore,850,Exhibition,700,55
Travel,Hyderabad,600,Seminar,600,74
Photography,Trichy,250,Football,250,76
Business,Madurai,700,Workshop,600,85
Sports,Chennai,250,Workshop,250,78
Art,Mumbai,1000,Seminar,850,73
Art,Hyderabad,400,Football,500,80
Technology,Mumbai,1450,Conference,1200,68
Travel,Chennai,1500,Concert,1500,92
Gaming,Chennai,1100,Hackathon,1350,83
Music,Mumbai,600,Hackathon,500,87
Travel,Delhi,300,Training,500,51
Sports,Delhi,500,Festival,800,85
Travel,Chennai,900,Esports,1100,90
Sports,Chennai,2100,Hackathon,1400,61
Art,Pune,1600,Festival,1350,93
Gaming,Trichy,800,Concert,1000,66
Technology,Bangalore,850,Training,700,79
Sports,Bangalore,950,Concert,800,83
Art,Bangalore,850,Hackathon,700,66
Sports,Madurai,500,Football,600,81
Business,Delhi,1050,Esports,1300,93
Photography,Chennai,250,Training,300,69
Music,Bangalore,3500,Conference,2350,92
Music,Pune,1600,Festival,1600,96
Photography,Mumbai,250,Exhibition,450,40
Art,Pune,700,Exhibition,700,41
Gaming,Trichy,1500,Festival,1250,52
Music,Chennai,700,Football,600,67
Technology,Chennai,2200,Hackathon,1450,75
Health,Mumbai,550,Seminar,700,63
Travel,Kochi,2950,Conference,2450,46
Health,Chennai,300,Seminar,400,80
Art,Hyderabad,550,Hackathon,700,93
Technology,Delhi,1200,Concert,800,77
Sports,Coimbatore,1900,Esports,1900,75
Business,Madurai,600,Concert,400,81
Gaming,Trichy,1000,Training,1000,60
Music,Delhi,1900,Conference,2350,76
Health,Kochi,600,Football,500,69
Gaming,Trichy,1100,Concert,1100,52
Photography,Trichy,1100,Conference,900,84
Photography,Madurai,900,Workshop,600,62
Education,Coimbatore,2150,Conference,1800,56
Photography,Madurai,450,Football,550,93
Business,Pune,450,Festival,750,62
Travel,Hyderabad,600,Exhibition,750,51
Technology,Mumbai,1200,Esports,2000,69
Sports,Delhi,450,Hackathon,550,83
Travel,Pune,800,Hackathon,1350,87
Business,Pune,2800,Conference,2350,57
Photography,Bangalore,1400,Festival,1150,72
Photography,Hyderabad,1000,Conference,1000,78
Education,Kochi,400,Seminar,650,70
Technology,Pune,350,Exhibition,450,55
Art,Pune,600,Football,500,67
Photography,Hyderabad,250,Football,450,75
Business,Bangalore,800,Workshop,550,89
Music,Hyderabad,550,Training,550,55
Music,Coimbatore,800,Training,550,60
Sports,Chennai,400,Exhibition,500,48
Education,Delhi,950,Training,800,83
Gaming,Pune,250,Football,300,60
Business,Trichy,850,Workshop,700,83
Health,Trichy,500,Exhibition,600,49
Education,Chennai,300,Exhibition,200,77
Health,Delhi,600,Concert,500,92
Music,Coimbatore,800,Workshop,650,94
Art,Pune,850,Conference,700,100
Art,Trichy,900,Training,1100,63
Gaming,Madurai,700,Concert,700,92
Education,Trichy,500,Hackathon,850,76
Education,Chennai,2400,Festival,1600,58
Technology,Kochi,550,Football,550,60
Photography,Chennai,650,Training,550,70
Education,Delhi,500,Festival,800,94
Art,Mumbai,850,Seminar,700,65
Music,Bangalore,800,Workshop,800,93
Health,Trichy,1000,Conference,1250,47
Music,Chennai,300,Workshop,400,81
Art,Hyderabad,1100,Conference,1850,72
Art,Coimbatore,1400,Hackathon,1150,96
Technology,Mumbai,750,Hackathon,500,77
Health,Delhi,600,Training,1000,64
Business,Pune,1300,Workshop,850,73
Health,Chennai,1150,Concert,1150,61
Education,Delhi,300,Football,250,72
Gaming,Pune,450,Seminar,300,73
Business,Chennai,600,Workshop,1000,91
Gaming,Trichy,650,Workshop,550,59
Art,Pune,1000,Training,850,66
Sports,Trichy,400,Football,650,76
Technology,Mumbai,450,Hackathon,450,88
Art,Bangalore,2350,Conference,2350,77
Business,Mumbai,2300,Esports,1900,58
Health,Bangalore,1350,Hackathon,1350,90
Sports,Hyderabad,1250,Esports,1050,79
Health,Kochi,650,Workshop,650,63
Gaming,Mumbai,1300,Workshop,850,75
Gaming,Bangalore,600,Training,400,74
Health,Kochi,1550,Conference,1300,48
Education,Bangalore,1950,Training,1300,70
Gaming,Trichy,300,Football,400,81
Music,Bangalore,250,Football,150,93
Art,Trichy,350,Football,550,85
Art,Madurai,1200,Concert,800,99
Music,Trichy,900,Esports,600,74
Art,Bangalore,1000,Festival,1000,96
Music,Madurai,550,Exhibition,700,50
Music,Mumbai,1550,Concert,1300,86
Travel,Mumbai,1250,Concert,1550,79
Photography,Trichy,1250,Workshop,1050,81
Gaming,Delhi,300,Exhibition,500,45
Technology,Bangalore,1650,Festival,1650,82
Travel,Mumbai,250,Football,300,75
Gaming,Chennai,2000,Esports,2000,100
Sports,Hyderabad,1200,Festival,800,83
Gaming,Trichy,900,Hackathon,600,93
Health,Hyderabad,900,Hackathon,1150,75
Health,Trichy,450,Conference,750,76
Music,Pune,500,Esports,850,91
Business,Chennai,400,Football,350,87
Health,Hyderabad,450,Concert,450,82
Music,Mumbai,1600,Festival,1050,96
Art,Hyderabad,900,Seminar,900,54
Photography,Hyderabad,1900,Festival,1600,79
Gaming,Chennai,1300,Training,850,75
Photography,Madurai,500,Esports,850,85
Business,Kochi,500,Hackathon,500,64
Education,Mumbai,1800,Festival,1800,98
Health,Delhi,2600,Festival,1750,67
Photography,Bangalore,600,Football,400,73
Art,Trichy,350,Seminar,350,58
Art,Mumbai,1200,Concert,1500,76
Technology,Bangalore,350,Exhibition,600,62
Health,Mumbai,1500,Hackathon,1000,95
Health,Madurai,550,Training,900,52
Photography,Coimbatore,550,Esports,550,90
Photography,Kochi,1300,Training,850,51
Health,Madurai,550,Esports,900,91
Music,Chennai,750,Conference,750,59
Business,Trichy,1800,Festival,1800,73
Business,Bangalore,600,Concert,750,97
Technology,Delhi,250,Training,450,69
Technology,Chennai,550,Festival,950,83
Business,Trichy,550,Training,450,57
Photography,Delhi,250,Workshop,250,57
Art,Bangalore,300,Football,300,64
Art,Trichy,300,Training,350,60
Business,Kochi,450,Football,450,73
Photography,Bangalore,950,Concert,1200,86
Travel,Madurai,650,Esports,650,79
Sports,Pune,400,Concert,700,78
Education,Hyderabad,450,Seminar,450,55
Photography,Mumbai,300,Hackathon,500,99
Technology,Delhi,1400,Hackathon,1400,66
Sports,Mumbai,500,Football,600,73
Photography,Coimbatore,400,Hackathon,700,72
Technology,Chennai,600,Seminar,500,48
Gaming,Hyderabad,950,Esports,1550,74
Gaming,Bangalore,750,Football,500,65
Gaming,Delhi,550,Seminar,700,56
Art,Coimbatore,750,Esports,950,95
Music,Pune,350,Training,450,94
Gaming,Mumbai,900,Exhibition,600,42
Photography,Hyderabad,250,Exhibition,300,45
Sports,Chennai,2100,Esports,1750,100
Business,Chennai,1250,Conference,1050,76
Art,Chennai,250,Exhibition,300,82
Business,Pune,1400,Conference,950,80
Gaming,Pune,550,Exhibition,450,36
Health,Madurai,500,Workshop,500,77
Sports,Hyderabad,750,Seminar,500,39
Technology,Chennai,400,Exhibition,350,37
Gaming,Mumbai,500,Concert,650,81
Business,Delhi,300,Seminar,500,45
Gaming,Chennai,400,Concert,650,97
Art,Trichy,1700,Festival,1700,87
Gaming,Trichy,450,Festival,450,84
Music,Delhi,300,Seminar,350,45
Education,Kochi,600,Exhibition,600,82
Music,Mumbai,500,Esports,650,89
Travel,Delhi,250,Seminar,450,67
Technology,Madurai,650,Training,550,56
Education,Trichy,500,Training,400,59
Art,Hyderabad,1650,Training,1100,54
Technology,Hyderabad,500,Esports,600,77
Travel,Madurai,250,Seminar,450,85
Health,Pune,900,Festival,1150,97
Sports,Chennai,1000,Concert,850,96
Travel,Trichy,300,Football,200,89
Sports,Coimbatore,1700,Conference,2150,69
Music,Trichy,600,Seminar,400,54
Gaming,Chennai,250,Football,450,69
Art,Trichy,800,Festival,650,84
Technology,Delhi,300,Seminar,400,52
Technology,Hyderabad,1300,Conference,2200,72
Photography,Bangalore,1200,Festival,1200,100
Sports,Hyderabad,300,Workshop,350,87
Business,Pune,1600,Esports,2000,73
Music,Madurai,800,Football,550,100
Gaming,Hyderabad,550,Conference,900,64
Gaming,Pune,350,Exhibition,600,70
Music,Hyderabad,650,Hackathon,650,100
Education,Mumbai,350,Football,300,95
Health,Delhi,350,Football,300,100
Education,Pune,1200,Hackathon,1200,77
Health,Delhi,250,Football,350,89
Education,Kochi,900,Hackathon,900,78
Health,Bangalore,950,Concert,950,90
Business,Delhi,250,Football,350,73
Travel,Hyderabad,250,Workshop,300,72
Sports,Delhi,500,Seminar,500,69
Gaming,Chennai,250,Workshop,350,84
Education,Delhi,1000,Hackathon,850,98
Sports,Coimbatore,250,Football,100,90
Music,Mumbai,1850,Festival,1850,79
Education,Madurai,2400,Esports,2000,87
Gaming,Hyderabad,250,Football,250,73
Technology,Madurai,500,Training,600,53
Photography,Kochi,1600,Conference,1350,69
Gaming,Pune,1450,Festival,1200,80
Travel,Coimbatore,1000,Concert,1650,100
Sports,Trichy,500,Hackathon,400,67
Education,Coimbatore,250,Seminar,250,92
Music,Bangalore,600,Esports,1000,86
Travel,Chennai,850,Training,1050,54
Business,Hyderabad,300,Exhibition,300,38
Technology,Bangalore,750,Workshop,950,62
Gaming,Coimbatore,1950,Concert,1300,93
Technology,Madurai,1150,Conference,1450,62
Travel,Pune,750,Concert,750,100
Health,Pune,1000,Festival,1000,74
Education,Chennai,2250,Hackathon,1500,91
Music,Trichy,300,Football,500,69
Education,Pune,1600,Festival,1350,93
Gaming,Delhi,250,Training,400,58
Sports,Hyderabad,1750,Conference,2200,73
Technology,Bangalore,850,Conference,1400,54
Sports,Madurai,1700,Training,1150,61
Travel,Delhi,350,Esports,600,88
Music,Mumbai,1100,Concert,900,100
Art,Kochi,1500,Festival,1000,90
Technology,Trichy,1250,Festival,1550,58
Sports,Hyderabad,1400,Training,1150,79
Sports,Mumbai,600,Concert,600,68
Business,Kochi,1900,Training,1250,53
Business,Pune,1000,Concert,1250,92
Health,Coimbatore,750,Exhibition,750,54
Technology,Chennai,800,Hackathon,650,84
Business,Bangalore,850,Hackathon,1450,63
Gaming,Kochi,1900,Festival,1600,87
Art,Coimbatore,1100,Concert,1350,91
Travel,Hyderabad,700,Training,450,56
Photography,Coimbatore,1300,Concert,850,74
Technology,Bangalore,750,Hackathon,500,76
Photography,Trichy,1050,Workshop,1050,79
Education,Mumbai,950,Training,800,74
Technology,Mumbai,1700,Training,1150,84
Education,Chennai,250,Seminar,300,60
Education,Mumbai,300,Exhibition,250,69
Gaming,Coimbatore,1100,Esports,1850,84
Sports,Chennai,1200,Conference,1200,69
Travel,Chennai,700,Concert,450,86
Technology,Mumbai,300,Seminar,350,78
Technology,Kochi,600,Workshop,600,82
Sports,Mumbai,500,Hackathon,350,92
Music,Hyderabad,1350,Conference,1350,67
Photography,Delhi,600,Training,750,67
Gaming,Trichy,1400,Concert,1400,89
Sports,Chennai,650,Conference,1050,90
Health,Kochi,3450,Conference,2300,86
Technology,Madurai,450,Seminar,300,68
Music,Kochi,1100,Training,900,76
Art,Chennai,250,Seminar,300,52
Music,Pune,600,Football,500,84
Music,Coimbatore,1000,Concert,1250,88
Sports,Mumbai,250,Football,100,79
Business,Madurai,1600,Concert,1600,100
Photography,Trichy,1700,Training,1150,89
Technology,Kochi,950,Festival,800,66
Education,Bangalore,250,Seminar,450,61
Health,Chennai,500,Hackathon,850,87
Business,Coimbatore,850,Training,1050,52
Technology,Delhi,300,Seminar,250,66
Art,Bangalore,900,Esports,1500,86
Health,Trichy,2250,Conference,2250,70
Gaming,Trichy,950,Concert,950,82
Sports,Mumbai,250,Workshop,200,80
Travel,Trichy,350,Exhibition,450,58
Education,Kochi,350,Exhibition,450,61
Music,Bangalore,850,Seminar,850,52
Photography,Hyderabad,950,Workshop,800,62
Music,Trichy,950,Hackathon,800,68
Gaming,Pune,800,Workshop,800,72
Sports,Mumbai,1150,Conference,950,63
Music,Madurai,250,Football,300,82
Health,Trichy,850,Exhibition,700,66
Gaming,Hyderabad,550,Workshop,550,72
Art,Bangalore,550,Exhibition,700,70
Health,Coimbatore,2100,Conference,1750,60
Sports,Trichy,700,Workshop,900,65
Art,Kochi,650,Festival,650,100
Business,Chennai,1100,Workshop,750,62
Photography,Trichy,1000,Hackathon,850,97
Sports,Pune,1100,Hackathon,1100,81
Music,Pune,2450,Conference,2450,82
Gaming,Coimbatore,350,Football,450,86
Sports,Coimbatore,300,Seminar,500,39
Technology,Pune,600,Exhibition,400,73
Health,Madurai,350,Seminar,350,29
Travel,Pune,2000,Conference,2500,80
Business,Madurai,800,Esports,800,65
Gaming,Kochi,1100,Hackathon,1400,68
Photography,Chennai,500,Concert,400,90
Technology,Pune,1000,Concert,1000,89
Sports,Pune,1200,Esports,1200,82
Music,Bangalore,400,Exhibition,250,56
Music,Bangalore,1100,Hackathon,750,84
Travel,Madurai,1350,Training,900,58
Health,Chennai,600,Seminar,400,51
Technology,Mumbai,1800,Conference,1500,63
Music,Delhi,650,Training,650,54
Photography,Trichy,500,Training,400,61
Technology,Chennai,1550,Concert,1550,72
Technology,Kochi,800,Festival,1350,92
Sports,Madurai,1000,Seminar,850,56
Gaming,Pune,250,Exhibition,150,54
Art,Bangalore,1700,Esports,2100,87
Music,Mumbai,400,Seminar,250,65
Technology,Hyderabad,500,Workshop,500,73
Technology,Hyderabad,450,Training,450,70
Art,Pune,800,Festival,650,83
Business,Madurai,2800,Conference,1850,81
Photography,Coimbatore,1950,Hackathon,1300,78
Art,Delhi,1300,Concert,1300,85
Music,Chennai,1200,Esports,1200,69
Business,Bangalore,1500,Conference,1250,70
Technology,Madurai,2750,Conference,2300,61
Gaming,Kochi,2150,Esports,1800,93
Photography,Hyderabad,900,Workshop,900,88
Music,Hyderabad,1850,Festival,1850,100
Health,Madurai,1100,Training,750,76
Business,Bangalore,500,Seminar,650,72
Business,Hyderabad,1750,Festival,1450,87
Music,Kochi,700,Hackathon,700,86
Sports,Trichy,950,Workshop,800,72
Photography,Pune,2400,Conference,2400,70
Travel,Mumbai,1300,Seminar,850,78
Music,Trichy,2200,Esports,1850,78
Business,Chennai,500,Football,400,86
Sports,Trichy,1050,Hackathon,1300,89
Music,Mumbai,1200,Workshop,800,71
Gaming,Chennai,300,Seminar,400,62
Travel,Bangalore,1000,Festival,850,100
Music,Delhi,500,Esports,800,79
Education,Chennai,500,Seminar,600,55
Gaming,Hyderabad,800,Workshop,550,63
Health,Kochi,1300,Workshop,1100,94
Gaming,Bangalore,2600,Conference,1750,82
Business,Mumbai,1000,Esports,1000,63
Sports,Pune,1800,Concert,1500,100
Sports,Kochi,900,Conference,750,84
Gaming,Pune,2150,Festival,1800,90
Health,Delhi,500,Hackathon,600,77
Sports,Coimbatore,700,Conference,900,68
Business,Trichy,600,Exhibition,400,62
Education,Trichy,600,Exhibition,400,60
Art,Pune,450,Football,300,86
Music,Coimbatore,600,Festival,500,100
Photography,Pune,1750,Concert,1450,88
Travel,Madurai,400,Workshop,500,73
Health,Bangalore,400,Exhibition,700,74
Technology,Mumbai,300,Exhibition,200,54
Sports,Bangalore,800,Hackathon,800,74
Health,Hyderabad,300,Football,250,83
Gaming,Coimbatore,1950,Hackathon,1300,92
Art,Madurai,350,Seminar,550,79
Business,Chennai,1000,Festival,850,100
Technology,Madurai,400,Workshop,500,79
Health,Coimbatore,1800,Esports,1200,76
Technology,Kochi,900,Conference,1150,47
Business,Mumbai,400,Football,400,69
Music,Coimbatore,700,Seminar,700,54
Photography,Pune,1200,Hackathon,800,89
Music,Madurai,950,Festival,1550,86
Sports,Coimbatore,650,Training,550,57
Music,Madurai,250,Exhibition,250,55
Art,Mumbai,750,Exhibition,500,64
Technology,Chennai,250,Exhibition,150,46
Education,Delhi,300,Exhibition,400,73
Sports,Chennai,450,Esports,750,85
Music,Coimbatore,1100,Conference,1400,63
Photography,Kochi,550,Festival,700,70
Travel,Madurai,900,Concert,1500,80
Art,Coimbatore,350,Training,600,67
Art,Chennai,1100,Concert,900,89
Travel,Mumbai,600,Football,500,78
Sports,Hyderabad,350,Concert,550,89
Travel,Trichy,2800,Conference,1850,77
Health,Hyderabad,350,Workshop,450,74
Health,Coimbatore,550,Exhibition,700,50
Sports,Hyderabad,800,Workshop,1000,89
Gaming,Pune,1050,Hackathon,700,84
Art,Hyderabad,2800,Esports,1850,67
Art,Hyderabad,850,Esports,1450,73
Sports,Delhi,400,Training,400,60
Gaming,Bangalore,550,Football,450,64
Sports,Mumbai,1500,Workshop,1000,67
Gaming,Kochi,1250,Conference,2100,66
Photography,Mumbai,900,Festival,750,83
Art,Delhi,300,Concert,400,98
Gaming,Delhi,2250,Concert,1500,88
Art,Kochi,2200,Concert,1450,87
Business,Pune,750,Hackathon,950,87
Business,Bangalore,250,Football,300,83
Education,Trichy,250,Workshop,250,76
Education,Bangalore,1150,Concert,1450,83
Sports,Bangalore,250,Concert,400,90
Technology,Madurai,1950,Training,1300,59
Art,Trichy,950,Festival,800,100
Business,Madurai,400,Football,500,78
Sports,Hyderabad,1050,Exhibition,700,61
Travel,Mumbai,1150,Esports,1150,80
Photography,Hyderabad,250,Football,200,87
Music,Trichy,350,Festival,450,84
Travel,Pune,350,Workshop,450,63
Education,Kochi,600,Seminar,600,54
Travel,Chennai,3700,Conference,2450,71
Business,Hyderabad,400,Hackathon,500,98
Education,Pune,1400,Hackathon,1400,95
Education,Pune,550,Seminar,550,49
Business,Pune,500,Exhibition,500,68
Music,Kochi,500,Football,400,88
Education,Chennai,1100,Hackathon,900,93
Technology,Hyderabad,600,Festival,600,90
Technology,Bangalore,1100,Workshop,900,79
Education,Chennai,350,Seminar,550,44
Travel,Hyderabad,1800,Conference,1500,49
Education,Delhi,250,Training,350,51
Photography,Kochi,2100,Festival,1400,100
Music,Coimbatore,1100,Training,1100,61
Technology,Mumbai,1050,Concert,700,87
Travel,Madurai,250,Football,150,94
Travel,Delhi,600,Seminar,500,63
Travel,Mumbai,1100,Workshop,900,92
Sports,Kochi,1200,Workshop,800,87
Music,Chennai,550,Esports,950,78
Technology,Coimbatore,850,Hackathon,1050,82
Sports,Trichy,2100,Festival,1750,87
Health,Chennai,1750,Conference,1450,66
Health,Trichy,1300,Concert,1100,82
Photography,Kochi,700,Conference,700,64
Sports,Chennai,1250,Festival,1050,90
Music,Kochi,250,Football,200,79
Education,Coimbatore,900,Concert,750,86
Health,Chennai,1900,Conference,2350,65
Sports,Delhi,1200,Conference,1500,67
Business,Bangalore,600,Hackathon,1000,98
Photography,Hyderabad,950,Workshop,800,84
Gaming,Hyderabad,1800,Esports,1200,94
Photography,Trichy,1300,Hackathon,1300,83
Education,Madurai,350,Workshop,450,70
Education,Coimbatore,700,Workshop,600,93
Business,Delhi,250,Exhibition,150,61
Music,Hyderabad,750,Esports,750,67
Gaming,Kochi,1150,Esports,950,77
Gaming,Chennai,500,Football,350,76
Gaming,Pune,1950,Esports,1950,100
Art,Chennai,700,Football,700,73
Technology,Madurai,250,Exhibition,200,87
Sports,Pune,500,Football,350,98
Technology,Bangalore,600,Exhibition,750,71
Photography,Hyderabad,1000,Festival,1700,100
Photography,Bangalore,500,Hackathon,400,83
Art,Kochi,250,Seminar,300,65
Business,Pune,2600,Esports,1750,66
Technology,Bangalore,1150,Festival,1900,93
Education,Bangalore,400,Seminar,350,67
Business,Coimbatore,750,Concert,950,88
Business,Madurai,1350,Hackathon,1350,88
Travel,Bangalore,700,Seminar,450,50
Business,Mumbai,250,Exhibition,200,62
Music,Kochi,1100,Hackathon,750,93
Art,Coimbatore,700,Workshop,450,58
Music,Hyderabad,250,Seminar,150,29
Travel,Hyderabad,300,Exhibition,200,64
Music,Delhi,3500,Conference,2350,69
Sports,Coimbatore,250,Football,150,80
Sports,Hyderabad,550,Esports,550,75
Education,Bangalore,1500,Hackathon,1250,86
Gaming,Mumbai,750,Football,500,91
Sports,Delhi,950,Concert,1550,85
Photography,Mumbai,1200,Festival,800,100
Sports,Trichy,250,Workshop,200,74
Gaming,Bangalore,2000,Esports,2000,85
Travel,Delhi,1500,Esports,1250,62
Photography,Hyderabad,450,Training,550,53
Travel,Chennai,600,Exhibition,600,54
Gaming,Coimbatore,950,Seminar,800,52
Travel,Pune,900,Festival,750,83
Photography,Coimbatore,250,Football,350,60
Technology,Madurai,2300,Conference,1550,47
Health,Hyderabad,1000,Exhibition,650,60
Education,Madurai,2500,Festival,1650,91
Music,Mumbai,550,Seminar,550,41
Art,Madurai,650,Concert,650,90
Photography,Madurai,700,Training,600,58
Art,Hyderabad,750,Hackathon,750,83
Gaming,Madurai,1250,Conference,1250,63
Gaming,Chennai,1050,Exhibition,700,71
Sports,Chennai,900,Seminar,900,48
Business,Pune,350,Seminar,350,78
Gaming,Delhi,500,Exhibition,650,75
Sports,Bangalore,550,Festival,450,99
Health,Pune,350,Workshop,350,83
Health,Pune,1300,Festival,850,75
Sports,Coimbatore,550,Workshop,700,76
Art,Coimbatore,600,Concert,500,77
Music,Pune,750,Training,950,59
Sports,Coimbatore,1150,Conference,1900,55
Health,Madurai,1450,Conference,1200,75
Sports,Delhi,250,Seminar,250,45
Travel,Madurai,700,Festival,600,76
Gaming,Pune,650,Hackathon,1100,77
Art,Delhi,2400,Conference,2400,77
Technology,Kochi,500,Esports,600,70
Business,Coimbatore,400,Seminar,500,82
Business,Trichy,1450,Festival,1450,90
Health,Kochi,1100,Festival,900,87
Sports,Pune,250,Seminar,400,63
Gaming,Madurai,850,Seminar,850,70
Education,Mumbai,900,Esports,600,97
Art,Trichy,3200,Conference,2150,67
Gaming,Bangalore,250,Football,200,99
Business,Kochi,250,Seminar,250,51
Art,Pune,2350,Esports,1950,95
Business,Chennai,250,Hackathon,450,91
Sports,Delhi,2250,Conference,1500,66
Art,Kochi,650,Seminar,550,60
Photography,Bangalore,550,Workshop,900,81
Art,Kochi,1100,Workshop,900,93
Health,Kochi,850,Conference,700,82
Photography,Bangalore,450,Exhibition,300,59
Sports,Mumbai,1600,Esports,1600,79
Sports,Hyderabad,900,Exhibition,750,52
Technology,Hyderabad,400,Esports,650,79
Sports,Trichy,250,Football,250,73
Photography,Madurai,250,Exhibition,150,59
Health,Madurai,500,Workshop,850,84
Music,Madurai,800,Seminar,650,46
Photography,Chennai,650,Seminar,550,67
Music,Trichy,1300,Hackathon,1100,75
Technology,Kochi,250,Hackathon,400,95
Music,Bangalore,1950,Hackathon,1300,100
Art,Bangalore,1700,Esports,2100,62
Art,Madurai,900,Workshop,900,99
Art,Mumbai,350,Seminar,350,56
Music,Chennai,600,Training,500,51
Technology,Coimbatore,1100,Training,750,70
Music,Hyderabad,600,Festival,1000,77
Travel,Kochi,400,Seminar,250,59
Music,Trichy,700,Hackathon,600,74
Travel,Kochi,1100,Festival,750,94
Health,Bangalore,600,Conference,750,83
Technology,Bangalore,1250,Conference,2100,55
Sports,Bangalore,1100,Exhibition,750,54
Education,Bangalore,2200,Conference,1850,72
Sports,Chennai,1200,Workshop,1000,80
Sports,Coimbatore,250,Exhibition,250,52
Health,Madurai,400,Seminar,400,37
Technology,Madurai,1200,Hackathon,800,81
Photography,Trichy,1200,Concert,800,58
Business,Mumbai,400,Workshop,250,94
Sports,Mumbai,300,Exhibition,350,38
Business,Hyderabad,1600,Hackathon,1050,85
Photography,Hyderabad,700,Seminar,900,74
Music,Delhi,750,Seminar,500,74
Business,Hyderabad,2200,Hackathon,1450,64
Travel,Hyderabad,700,Concert,450,86
Art,Delhi,800,Concert,800,75
Technology,Bangalore,1250,Hackathon,1050,87
Technology,Madurai,1750,Hackathon,1450,78
Gaming,Hyderabad,750,Hackathon,750,72
Travel,Coimbatore,700,Conference,900,74
Health,Coimbatore,500,Football,600,90
Travel,Chennai,900,Esports,1500,72
Business,Madurai,1500,Esports,1900,85
Technology,Madurai,1400,Hackathon,950,93
Travel,Pune,750,Training,500,60
Technology,Hyderabad,400,Training,250,75
Travel,Madurai,1400,Esports,950,97
Photography,Trichy,250,Football,200,68
Photography,Bangalore,250,Workshop,200,75
Sports,Kochi,300,Football,350,76
Business,Pune,1850,Concert,1550,100
Health,Hyderabad,700,Esports,700,100
Travel,Trichy,1450,Conference,2400,87
Art,Pune,350,Workshop,550,68
Photography,Bangalore,450,Seminar,300,54
Music,Mumbai,250,Football,200,73
Gaming,Kochi,1250,Festival,1050,93
Sports,Bangalore,800,Esports,800,71
Business,Trichy,400,Exhibition,350,56
Travel,Trichy,1200,Seminar,800,77
Gaming,Delhi,400,Exhibition,400,40
Education,Delhi,1700,Festival,1400,86
Art,Coimbatore,500,Exhibition,800,59
Technology,Hyderabad,1300,Festival,1100,82
Photography,Kochi,400,Football,350,97
Gaming,Pune,450,Football,300,89
Travel,Mumbai,350,Exhibition,350,50
Music,Bangalore,300,Seminar,400,63
Education,Delhi,400,Training,650,82
Music,Pune,500,Training,500,74
Photography,Trichy,650,Concert,1050,95
Technology,Madurai,450,Concert,550,77
Photography,Madurai,1550,Esports,1550,80
Photography,Pune,650,Workshop,550,78
Photography,Trichy,250,Football,150,85
Gaming,Delhi,1600,Conference,1350,89
Travel,Hyderabad,800,Training,1000,61
Photography,Hyderabad,450,Concert,550,96
Education,Mumbai,3150,Conference,2100,59
Technology,Bangalore,550,Training,450,75
Art,Kochi,600,Exhibition,500,64
Travel,Trichy,350,Concert,450,69
Sports,Trichy,350,Football,550,87
Gaming,Madurai,900,Seminar,600,67
Business,Kochi,600,Workshop,400,88
Music,Mumbai,400,Seminar,500,16
Sports,Delhi,2450,Esports,2050,100
Art,Pune,1750,Esports,1450,70
Gaming,Kochi,700,Seminar,700,69
Art,Mumbai,700,Hackathon,450,88
Education,Chennai,700,Festival,700,89
Photography,Coimbatore,300,Workshop,300,80
Gaming,Bangalore,850,Training,1050,73
Sports,Trichy,700,Exhibition,600,54
Health,Mumbai,1700,Conference,2100,71
Photography,Hyderabad,250,Football,150,76
Music,Delhi,800,Workshop,550,75
Photography,Bangalore,900,Exhibition,600,70
Education,Madurai,300,Seminar,350,77
Art,Hyderabad,950,Festival,800,72
Music,Delhi,650,Hackathon,650,63
Photography,Pune,400,Training,700,57
Photography,Mumbai,850,Conference,700,59
Art,Trichy,2100,Conference,1750,60
Technology,Pune,700,Esports,700,69
Gaming,Mumbai,550,Concert,900,75
Music,Madurai,350,Seminar,450,79
Sports,Delhi,1750,Festival,1450,93
Sports,Kochi,500,Seminar,500,59
Education,Trichy,250,Exhibition,300,86
Technology,Bangalore,900,Seminar,600,69
Business,Madurai,1250,Esports,2050,100
Gaming,Delhi,2250,Concert,1500,67
Sports,Bangalore,250,Exhibition,200,32
Education,Hyderabad,250,Seminar,450,66
Travel,Coimbatore,400,Workshop,500,58
Health,Pune,1350,Festival,1350,70
Travel,Madurai,650,Conference,1100,53
Business,Delhi,750,Esports,750,63
Music,Madurai,600,Workshop,400,69
Health,Madurai,950,Hackathon,950,81
Travel,Coimbatore,850,Hackathon,1450,97
Technology,Coimbatore,650,Exhibition,550,78
Health,Chennai,900,Conference,1150,53
Music,Trichy,300,Football,200,79
Music,Hyderabad,550,Esports,700,87
Gaming,Madurai,700,Concert,600,82
Art,Pune,800,Festival,1300,89
Health,Madurai,600,Concert,1000,82
Business,Delhi,650,Concert,650,90
Technology,Mumbai,600,Training,600,63
Business,Pune,300,Football,350,94
Travel,Bangalore,250,Football,200,79
Business,Coimbatore,850,Concert,700,100
Education,Coimbatore,850,Festival,850,88
Photography,Madurai,1450,Conference,1450,81
Art,Madurai,550,Seminar,450,60
Technology,Madurai,800,Seminar,800,60
Health,Madurai,250,Seminar,250,54
Health,Hyderabad,900,Training,1100,69
Health,Mumbai,600,Football,400,82
Health,Mumbai,1300,Festival,1100,100
Photography,Chennai,600,Workshop,1000,86
Music,Trichy,250,Exhibition,250,70
Technology,Hyderabad,1150,Concert,950,90
Photography,Coimbatore,800,Hackathon,650,82
Art,Chennai,250,Football,350,73
Photography,Hyderabad,1200,Esports,2000,64
Education,Hyderabad,800,Esports,800,65
Art,Hyderabad,400,Exhibition,250,47
Music,Hyderabad,400,Football,400,93
Music,Coimbatore,700,Training,900,56
Technology,Chennai,900,Festival,1150,99
Sports,Bangalore,250,Workshop,200,63
Art,Kochi,500,Festival,600,85
Gaming,Kochi,650,Workshop,800,76
Gaming,Kochi,800,Hackathon,800,62
Travel,Bangalore,550,Training,900,67
Business,Mumbai,1000,Concert,1700,87
Technology,Coimbatore,550,Exhibition,700,70
Music,Trichy,550,Football,450,90
Travel,Madurai,900,Training,1150,65
Photography,Kochi,350,Concert,450,100
Business,Pune,1000,Conference,1250,61
Travel,Bangalore,700,Football,600,69
Music,Trichy,750,Football,500,85
Gaming,Bangalore,1050,Hackathon,700,79
Gaming,Mumbai,1000,Esports,650,75
Business,Hyderabad,550,Festival,550,82
Photography,Pune,450,Football,300,73
Education,Chennai,2900,Conference,2400,75
Technology,Bangalore,600,Hackathon,500,85
Music,Madurai,700,Conference,700,95
Photography,Coimbatore,1350,Concert,900,83
Gaming,Bangalore,1150,Concert,950,77
Art,Kochi,950,Seminar,800,64
Music,Pune,650,Esports,800,79
Gaming,Mumbai,650,Workshop,1100,92
Education,Pune,1400,Hackathon,1150,81
Travel,Chennai,500,Seminar,350,39
Photography,Chennai,650,Hackathon,1050,100
Technology,Delhi,400,Workshop,250,82
Sports,Hyderabad,250,Training,300,74
Music,Coimbatore,350,Exhibition,550,40
Travel,Hyderabad,950,Training,950,58
Art,Delhi,2200,Conference,1450,70
Business,Pune,450,Football,550,78
Travel,Madurai,500,Exhibition,350,44
Health,Hyderabad,250,Seminar,200,54
Travel,Bangalore,1900,Esports,1600,59
Sports,Chennai,800,Workshop,800,85
Health,Pune,400,Training,650,56
Art,Madurai,1200,Concert,1500,72
Music,Trichy,500,Workshop,850,93
Technology,Hyderabad,1150,Training,950,47
Education,Pune,400,Workshop,500,70
Education,Delhi,450,Exhibition,550,56
Travel,Trichy,950,Concert,950,74
Music,Bangalore,1650,Concert,1650,80
Travel,Kochi,550,Conference,700,70
Health,Pune,650,Workshop,1100,83
Art,Bangalore,500,Football,650,70
Music,Trichy,500,Football,500,99
Sports,Chennai,800,Workshop,650,80
Health,Trichy,1100,Festival,1800,73
Education,Trichy,900,Conference,1100,66
Gaming,Delhi,900,Conference,900,78
Business,Coimbatore,2700,Conference,2250,65
Art,Coimbatore,250,Seminar,300,64
Sports,Delhi,800,Workshop,550,81
Art,Kochi,1300,Hackathon,1300,84
Art,Delhi,550,Festival,450,100
Health,Hyderabad,550,Festival,700,100
Music,Delhi,350,Football,300,68
Music,Mumbai,1000,Concert,650,91
Photography,Madurai,500,Football,500,71
Business,Delhi,850,Conference,1400,44
Business,Hyderabad,400,Hackathon,700,95
Sports,Kochi,600,Festival,750,85
Technology,Delhi,950,Concert,1200,86
Photography,Pune,550,Workshop,450,60
Photography,Madurai,1050,Esports,700,74
Technology,Pune,900,Festival,900,80
Sports,Madurai,700,Seminar,600,85
Health,Coimbatore,1450,Esports,1800,88
Sports,Pune,1000,Esports,1250,76
Business,Hyderabad,1100,Conference,900,93
Health,Delhi,1300,Workshop,850,100
Art,Trichy,1450,Conference,1800,74
Sports,Mumbai,400,Football,500,76
Health,Trichy,3100,Esports,2050,72
Gaming,Pune,600,Training,500,90
Health,Bangalore,450,Football,550,79
Travel,Mumbai,650,Esports,1100,78
Photography,Chennai,800,Festival,550,100
Business,Chennai,550,Hackathon,700,94
Sports,Coimbatore,900,Esports,600,67
Gaming,Hyderabad,500,Concert,850,86
Health,Pune,350,Workshop,550,68
Sports,Hyderabad,300,Football,400,96
Travel,Delhi,600,Seminar,500,62
Photography,Bangalore,600,Workshop,600,82
Gaming,Madurai,2300,Concert,1550,79
Education,Coimbatore,1100,Esports,900,82
Travel,Trichy,250,Seminar,150,60
Travel,Bangalore,450,Esports,550,57
Travel,Bangalore,1200,Festival,1000,75
Art,Coimbatore,400,Exhibition,250,46
Gaming,Mumbai,750,Conference,1250,76
Business,Kochi,1500,Conference,1000,68
Travel,Coimbatore,1250,Conference,1250,53
Business,Trichy,550,Exhibition,700,63
Music,Pune,2200,Concert,1450,94
Health,Trichy,700,Exhibition,700,76
Sports,Coimbatore,1400,Training,950,54
Technology,Madurai,1150,Training,1150,75
Travel,Delhi,1150,Concert,1450,90
Photography,Bangalore,800,Workshop,550,80
Art,Bangalore,950,Concert,950,81
Art,Mumbai,350,Football,450,91
Music,Madurai,900,Exhibition,750,37
Photography,Trichy,1400,Hackathon,950,100
Music,Delhi,250,Exhibition,250,60
Photography,Chennai,500,Football,400,73
Sports,Trichy,1750,Conference,2200,75
Photography,Delhi,1550,Training,1300,65
Sports,Bangalore,750,Hackathon,950,88
Technology,Chennai,800,Conference,650,84
Education,Chennai,2850,Festival,1900,97
Gaming,Coimbatore,600,Training,400,94
Gaming,Mumbai,250,Seminar,400,73
Sports,Bangalore,600,Workshop,500,52
Education,Mumbai,900,Football,600,98
Gaming,Hyderabad,700,Seminar,600,62
Gaming,Coimbatore,500,Football,500,72
Sports,Pune,800,Festival,650,85
Gaming,Pune,700,Esports,900,71
Travel,Delhi,450,Football,450,84
Art,Pune,1700,Training,1150,73
Health,Mumbai,600,Exhibition,500,52
Business,Madurai,450,Training,550,58
Education,Coimbatore,2250,Esports,1500,83
Technology,Delhi,400,Seminar,400,71
Health,Pune,1800,Esports,1800,72
Gaming,Hyderabad,900,Festival,750,100
Gaming,Coimbatore,500,Exhibition,400,24
Health,Delhi,950,Training,800,66
Music,Chennai,900,Esports,900,76
Technology,Trichy,550,Seminar,900,55
Music,Kochi,600,Exhibition,500,57
Sports,Pune,250,Football,200,76
Music,Bangalore,350,Exhibition,450,47
Photography,Bangalore,650,Festival,550,95
Photography,Bangalore,650,Training,1050,75
Art,Hyderabad,900,Hackathon,900,60
Art,Delhi,1300,Festival,1600,88
Gaming,Pune,1900,Conference,1900,75
Photography,Pune,1050,Festival,1300,83
Art,Hyderabad,300,Concert,500,100
Art,Coimbatore,800,Training,650,65
Photography,Pune,1800,Esports,1500,73
Gaming,Bangalore,1350,Festival,1350,100
Music,Hyderabad,600,Training,500,50
Photography,Chennai,650,Seminar,800,55
Art,Madurai,250,Football,150,83
Photography,Pune,500,Football,600,62
Art,Coimbatore,400,Seminar,650,80
Travel,Bangalore,1100,Festival,1800,100
Art,Delhi,1450,Esports,1450,72
Music,Chennai,500,Exhibition,400,70
Art,Bangalore,350,Festival,550,70
Art,Madurai,700,Concert,700,69
Travel,Chennai,700,Festival,1150,63
Art,Kochi,2150,Conference,1800,53
Sports,Madurai,1600,Workshop,1050,90
Education,Trichy,800,Hackathon,1350,77
Technology,Trichy,450,Football,300,91
Art,Trichy,650,Hackathon,1050,97
Photography,Madurai,400,Concert,500,86
Music,Coimbatore,250,Football,300,88
Health,Chennai,750,Esports,1250,71
Sports,Hyderabad,400,Training,350,55
Health,Madurai,1150,Workshop,950,73
Gaming,Trichy,250,Workshop,450,96
Travel,Mumbai,250,Seminar,150,63
Education,Pune,700,Concert,700,85
Gaming,Chennai,1200,Esports,800,86
Technology,Chennai,600,Exhibition,600,75
Sports,Mumbai,400,Seminar,350,49
Sports,Coimbatore,350,Football,300,79
Photography,Madurai,550,Exhibition,550,48
Art,Hyderabad,300,Concert,500,61
Education,Hyderabad,2100,Festival,1750,100
Sports,Hyderabad,350,Workshop,600,75
Sports,Pune,850,Seminar,700,30
Art,Coimbatore,900,Training,1100,65
Health,Delhi,250,Exhibition,150,53
Sports,Delhi,550,Seminar,450,54
Gaming,Mumbai,300,Workshop,250,77
Business,Hyderabad,1150,Hackathon,1450,74
Health,Kochi,600,Seminar,750,46
Photography,Trichy,450,Seminar,550,55
Business,Kochi,500,Hackathon,500,72
Art,Madurai,1300,Training,1100,72
Music,Kochi,950,Concert,1600,95
Technology,Pune,2600,Conference,2150,48
Photography,Hyderabad,500,Conference,650,83
Education,Delhi,900,Hackathon,600,70
Travel,Coimbatore,1000,Training,1000,74
Education,Kochi,850,Festival,1400,98
Business,Bangalore,250,Concert,400,75
Photography,Chennai,350,Seminar,550,50
Health,Pune,1050,Training,700,84
Art,Trichy,1650,Conference,1100,65
Business,Bangalore,1600,Festival,1050,80
Technology,Kochi,600,Training,400,61
Technology,Coimbatore,900,Hackathon,1150,92
Photography,Mumbai,1000,Training,650,75
Health,Kochi,800,Seminar,800,54
Education,Bangalore,900,Conference,1100,61
Business,Trichy,900,Concert,750,76
Business,Coimbatore,300,Exhibition,200,62
Photography,Madurai,550,Seminar,700,71
Photography,Bangalore,1000,Workshop,1000,85
Technology,Pune,500,Workshop,800,59
Education,Coimbatore,550,Exhibition,450,59
Education,Hyderabad,1300,Esports,1100,100
Gaming,Trichy,600,Hackathon,600,57
Travel,Chennai,450,Workshop,450,73
Gaming,Madurai,550,Hackathon,700,89
Health,Hyderabad,300,Football,400,82
Education,Delhi,900,Training,600,76
Gaming,Mumbai,650,Training,550,63
Business,Bangalore,2700,Conference,1800,55
Photography,Pune,350,Training,300,71
Art,Bangalore,650,Concert,550,99
Technology,Bangalore,450,Esports,750,75
Health,Delhi,1650,Hackathon,1100,64
Health,Madurai,500,Training,400,43
Travel,Bangalore,1100,Esports,750,64
Music,Kochi,600,Esports,600,73
Technology,Trichy,300,Training,500,51
Business,Mumbai,250,Training,250,64
Health,Pune,350,Esports,600,73
Travel,Madurai,1300,Esports,1300,59
Health,Mumbai,1000,Hackathon,1000,82
Gaming,Coimbatore,500,Concert,850,100
Gaming,Madurai,250,Seminar,250,85
Music,Coimbatore,350,Seminar,600,72
Photography,Mumbai,1200,Training,800,74
Sports,Pune,1150,Workshop,950,78
Music,Pune,900,Concert,1150,100
Gaming,Mumbai,650,Hackathon,1100,90
Gaming,Trichy,350,Football,300,100
Sports,Madurai,2900,Conference,2400,50
Travel,Trichy,700,Esports,900,81
Health,Hyderabad,700,Training,900,72
Music,Kochi,400,Workshop,500,80
Art,Delhi,800,Festival,800,76
Art,Delhi,2200,Conference,1450,83
Technology,Hyderabad,250,Seminar,250,64
Art,Hyderabad,2100,Conference,1750,66
Photography,Chennai,1800,Concert,1500,74
Health,Coimbatore,2000,Conference,1350,52
Gaming,Bangalore,400,Workshop,700,58
Gaming,Mumbai,1050,Festival,1050,76
Music,Madurai,900,Hackathon,750,73
Photography,Delhi,550,Festival,950,69
Art,Bangalore,1900,Conference,2400,90
Education,Madurai,600,Conference,1000,80
Photography,Kochi,1500,Hackathon,1500,75
Sports,Madurai,550,Esports,900,57
Photography,Kochi,250,Exhibition,150,58
Technology,Delhi,2800,Esports,1850,72
Gaming,Delhi,700,Hackathon,1200,83
Travel,Kochi,450,Workshop,300,83
Photography,Pune,950,Exhibition,800,58
Education,Bangalore,1200,Conference,1500,80
Technology,Delhi,1250,Festival,1550,82
Business,Mumbai,1150,Training,950,65
Technology,Pune,1050,Training,1050,76
Art,Bangalore,2700,Festival,1800,71
Sports,Bangalore,250,Workshop,350,82
Travel,Mumbai,1550,Concert,1550,82
Gaming,Delhi,900,Exhibition,600,50
Music,Trichy,500,Workshop,500,69
Photography,Bangalore,800,Workshop,550,61
Sports,Delhi,1250,Esports,1050,71
Technology,Madurai,400,Seminar,650,82
Music,Mumbai,600,Workshop,500,81
Art,Madurai,350,Exhibition,600,57
Health,Bangalore,1400,Esports,1150,81
Photography,Chennai,1200,Hackathon,1500,76
Travel,Bangalore,700,Concert,700,59
Photography,Coimbatore,850,Festival,850,100
Music,Kochi,800,Exhibition,650,47
Technology,Bangalore,2000,Esports,2000,76
Travel,Trichy,2300,Festival,1550,78
Art,Pune,1350,Conference,900,74
Art,Hyderabad,1950,Esports,1950,66
Gaming,Coimbatore,2500,Concert,1650,61
Health,Coimbatore,800,Hackathon,550,78
Education,Trichy,1600,Conference,1350,87
Art,Pune,1650,Training,1100,72
Education,Kochi,700,Festival,700,78
Gaming,Hyderabad,500,Football,500,81
Education,Madurai,250,Football,300,91
Travel,Madurai,800,Esports,1000,93
Business,Hyderabad,900,Training,750,59
Travel,Coimbatore,300,Workshop,400,75
Business,Hyderabad,850,Training,700,62
Business,Kochi,450,Workshop,550,41
Health,Madurai,1100,Conference,1850,59
Music,Hyderabad,250,Football,300,79
Health,Kochi,250,Seminar,150,63
Photography,Madurai,400,Football,500,73
Health,Bangalore,2700,Festival,1800,71
Photography,Hyderabad,300,Football,400,59
Music,Madurai,550,Seminar,700,66
Music,Trichy,250,Exhibition,200,64
Gaming,Delhi,250,Workshop,350,74
Technology,Trichy,700,Training,1150,58
Technology,Coimbatore,250,Seminar,400,60
Art,Chennai,350,Workshop,450,72
Travel,Hyderabad,1400,Concert,950,98
Education,Bangalore,250,Seminar,250,55
Health,Trichy,600,Hackathon,1000,83
Gaming,Mumbai,600,Training,400,67
Gaming,Chennai,650,Hackathon,650,76
Photography,Kochi,2850,Esports,1900,82
Health,Trichy,1100,Festival,900,87
Education,Kochi,400,Hackathon,650,81
Art,Coimbatore,600,Exhibition,400,56
Education,Madurai,1900,Hackathon,1250,76
Travel,Kochi,250,Workshop,450,48
Health,Mumbai,250,Exhibition,150,72
Photography,Coimbatore,1500,Conference,1500,67
Sports,Bangalore,550,Seminar,550,49
Art,Trichy,400,Conference,650,94
Music,Kochi,250,Exhibition,250,49
Health,Mumbai,1050,Training,1050,58
Health,Madurai,700,Esports,700,82
Photography,Bangalore,1500,Concert,1000,80
Technology,Chennai,500,Esports,500,74
Business,Kochi,1650,Conference,1100,53
Sports,Kochi,1050,Training,700,95
Gaming,Pune,1850,Concert,1550,81
Gaming,Hyderabad,1950,Esports,1300,54
Photography,Trichy,300,Seminar,300,66
Education,Delhi,250,Football,150,67
Gaming,Trichy,1900,Esports,1250,69
Health,Madurai,400,Conference,700,91
Art,Trichy,1600,Festival,1600,93
Education,Bangalore,300,Football,200,86
Health,Chennai,650,Hackathon,1050,92
Music,Coimbatore,400,Seminar,700,15
Education,Delhi,300,Hackathon,500,81
Art,Mumbai,300,Exhibition,250,46
Sports,Delhi,800,Workshop,800,73
Gaming,Kochi,1200,Hackathon,1000,87
Technology,Bangalore,900,Esports,900,75
Technology,Mumbai,450,Exhibition,450,68
Photography,Delhi,1000,Workshop,650,86
Health,Trichy,350,Training,300,63
Gaming,Coimbatore,250,Training,300,40
Technology,Trichy,3000,Esports,2000,77
Education,Chennai,1200,Workshop,1000,68
Health,Chennai,1550,Hackathon,1300,90
Health,Chennai,1650,Esports,1100,75
Gaming,Kochi,1300,Esports,1100,88
Sports,Chennai,350,Hackathon,550,96
Business,Coimbatore,700,Concert,600,69
Education,Mumbai,250,Exhibition,250,40
Photography,Coimbatore,350,Training,600,59
Sports,Bangalore,350,Hackathon,600,89
Sports,Chennai,850,Concert,1050,93
Health,Chennai,1350,Festival,1350,95
Travel,Kochi,300,Festival,500,77
Health,Trichy,1550,Concert,1550,81
Photography,Coimbatore,750,Seminar,500,59
Business,Coimbatore,650,Concert,550,94
Gaming,Mumbai,350,Seminar,350,67
Travel,Chennai,400,Seminar,350,60
Sports,Hyderabad,550,Workshop,450,67
Gaming,Coimbatore,300,Football,300,80
Gaming,Delhi,1400,Esports,1150,68
Technology,Chennai,1300,Hackathon,1100,99
Art,Trichy,600,Exhibition,500,73
Gaming,Hyderabad,1600,Training,1050,51
Music,Bangalore,1100,Festival,1800,95
Gaming,Bangalore,900,Hackathon,1150,92
Art,Hyderabad,450,Exhibition,300,74
Music,Madurai,1250,Concert,1050,84
Photography,Mumbai,550,Concert,950,91
Sports,Chennai,2900,Esports,1950,84
Art,Trichy,950,Concert,1200,79
Technology,Pune,600,Concert,600,84
Business,Coimbatore,350,Exhibition,350,66
Technology,Delhi,500,Workshop,650,68
Gaming,Coimbatore,1100,Hackathon,1350,79
Music,Coimbatore,400,Training,650,60
Technology,Pune,1850,Esports,1550,68
Business,Chennai,1300,Conference,1300,81
Sports,Mumbai,500,Seminar,400,54
Health,Trichy,1950,Conference,2450,67
Education,Hyderabad,250,Exhibition,350,77
Gaming,Chennai,1300,Hackathon,1100,84
Education,Bangalore,650,Training,650,50
Sports,Bangalore,900,Seminar,600,70
Music,Chennai,650,Concert,1100,97
Sports,Hyderabad,2800,Festival,1850,99
Gaming,Coimbatore,450,Concert,550,80
Music,Bangalore,1400,Concert,950,59
Music,Delhi,550,Football,550,64
Art,Trichy,1500,Festival,1000,90
Gaming,Madurai,250,Football,250,96
Photography,Coimbatore,350,Training,300,47
Music,Coimbatore,550,Concert,700,91
Business,Trichy,1700,Esports,1150,72
Health,Delhi,400,Workshop,350,88
Health,Hyderabad,450,Hackathon,550,83
Music,Madurai,400,Football,500,90
Art,Madurai,450,Seminar,450,52
Technology,Delhi,550,Festival,450,100
Health,Pune,850,Conference,700,80
Photography,Mumbai,1050,Festival,1300,97
Technology,Mumbai,1400,Conference,2350,59
Sports,Pune,1200,Esports,800,60
Education,Trichy,900,Seminar,750,40
Health,Kochi,800,Festival,1000,89
Gaming,Chennai,1500,Festival,1250,87
Sports,Madurai,400,Football,400,81
Technology,Trichy,550,Exhibition,700,52
Health,Coimbatore,450,Seminar,550,57
Music,Pune,300,Seminar,400,51
Sports,Trichy,550,Football,550,71
Photography,Madurai,450,Workshop,450,76
Education,Kochi,400,Football,350,100
Technology,Kochi,1000,Esports,850,91
Education,Mumbai,550,Football,700,84
Gaming,Pune,400,Football,250,86
Business,Trichy,950,Concert,1200,94
Gaming,Madurai,800,Seminar,550,58
Gaming,Trichy,1150,Conference,1150,66
Education,Bangalore,250,Festival,450,90
Technology,Pune,1100,Concert,1350,100
Technology,Pune,450,Esports,750,90
Art,Coimbatore,750,Workshop,750,76
Technology,Delhi,1100,Training,750,94
Photography,Trichy,800,Hackathon,550,77
Technology,Kochi,650,Football,650,83
Photography,Coimbatore,400,Training,400,46
Photography,Bangalore,300,Football,300,72
Sports,Pune,400,Exhibition,700,38
Business,Pune,850,Conference,1450,86
Health,Bangalore,350,Hackathon,350,70
Gaming,Kochi,250,Workshop,200,50
Travel,Pune,700,Festival,450,100
Education,Pune,750,Workshop,950,57
Travel,Coimbatore,2500,Conference,2100,76
Sports,Pune,600,Training,500,75
Education,Delhi,1700,Concert,1700,50
Travel,Coimbatore,1150,Conference,1150,93
Business,Trichy,2400,Esports,1600,76
Art,Bangalore,350,Hackathon,450,85
Photography,Delhi,700,Seminar,600,73
Travel,Trichy,1700,Concert,1700,67
Health,Hyderabad,700,Festival,900,100
Gaming,Madurai,700,Workshop,700,79
Travel,Madurai,250,Football,250,94
Travel,Kochi,1800,Hackathon,1500,80
Technology,Mumbai,650,Esports,550,85
Gaming,Chennai,1500,Concert,1500,93
Sports,Chennai,1400,Concert,1400,74
Sports,Hyderabad,1200,Esports,1000,79
Travel,Kochi,1500,Conference,1000,80
Technology,Pune,300,Football,400,67
Art,Trichy,400,Exhibition,650,73
Music,Hyderabad,650,Workshop,650,92
Travel,Trichy,250,Exhibition,100,62
Business,Mumbai,250,Training,300,59
Education,Madurai,1700,Festival,1700,86
Travel,Madurai,900,Seminar,600,44
Gaming,Pune,350,Football,450,88
Education,Trichy,650,Football,550,73
Business,Mumbai,250,Exhibition,400,42
Sports,Bangalore,800,Workshop,550,96
Business,Madurai,500,Exhibition,350,57
Music,Trichy,2100,Hackathon,1400,78
Business,Hyderabad,300,Seminar,350,60
Travel,Madurai,850,Exhibition,700,71
Health,Pune,700,Exhibition,700,64
Technology,Madurai,1400,Esports,1750,92
Music,Kochi,1300,Conference,1100,67
Business,Delhi,1350,Hackathon,900,71
Travel,Mumbai,800,Workshop,550,96
Technology,Coimbatore,500,Football,350,70
Photography,Pune,500,Concert,400,84
Sports,Madurai,500,Football,500,70
Photography,Delhi,850,Conference,1400,60
Music,Hyderabad,800,Hackathon,550,95
Health,Kochi,400,Workshop,400,80
Sports,Bangalore,250,Training,450,64
Gaming,Chennai,850,Festival,1050,81
Music,Mumbai,2550,Conference,1700,68
Music,Coimbatore,2100,Esports,1750,68
Health,Coimbatore,1650,Concert,1650,85
Art,Madurai,600,Training,1000,83
Travel,Kochi,250,Training,400,66
Photography,Trichy,1900,Conference,1250,82
Health,Mumbai,700,Football,600,67
Travel,Hyderabad,700,Hackathon,700,83
Technology,Kochi,750,Football,500,74
Technology,Coimbatore,600,Hackathon,400,85
Photography,Coimbatore,1450,Conference,1800,68
Business,Bangalore,300,Exhibition,200,60
Gaming,Mumbai,850,Conference,1450,80
Business,Trichy,1000,Esports,1250,71
Gaming,Bangalore,400,Football,250,86
Education,Trichy,1000,Conference,650,60
Business,Coimbatore,800,Exhibition,650,65
Music,Kochi,800,Workshop,800,89
Gaming,Kochi,500,Workshop,650,83
Technology,Chennai,900,Seminar,600,58
Travel,Bangalore,1000,Football,650,83
Art,Coimbatore,400,Seminar,650,50
Travel,Delhi,1750,Esports,1750,95
Music,Pune,1700,Concert,1700,100
Sports,Bangalore,250,Seminar,400,66
Music,Delhi,650,Esports,1050,77
Gaming,Bangalore,600,Conference,750,64
Photography,Bangalore,250,Exhibition,350,46
Music,Trichy,550,Workshop,700,99
Art,Bangalore,350,Seminar,350,70
Sports,Pune,400,Hackathon,350,96
Education,Bangalore,450,Football,450,59
Sports,Kochi,400,Exhibition,500,79
Art,Pune,600,Workshop,1000,73
Music,Hyderabad,250,Workshop,400,96
Gaming,Madurai,800,Training,800,70
Music,Mumbai,250,Football,400,87
Business,Trichy,950,Festival,1550,100
Art,Kochi,250,Football,400,86
Sports,Mumbai,750,Hackathon,1250,87
Music,Mumbai,450,Festival,550,75
Photography,Madurai,550,Seminar,450,42
Technology,Bangalore,500,Concert,800,67
Photography,Trichy,500,Football,350,71
Business,Trichy,1250,Festival,1050,86
Music,Chennai,250,Football,150,64
Gaming,Coimbatore,600,Seminar,600,76
Health,Chennai,700,Training,1150,60
Sports,Chennai,450,Workshop,300,92
Music,Trichy,600,Concert,750,82
Technology,Bangalore,400,Workshop,700,66
Sports,Delhi,1900,Hackathon,1250,79
Education,Delhi,1100,Esports,750,89
Business,Delhi,650,Football,550,80
Business,Kochi,1250,Hackathon,1250,83
Art,Coimbatore,950,Festival,1550,80
Photography,Madurai,850,Esports,850,84
Education,Hyderabad,800,Hackathon,800,76
Education,Chennai,800,Seminar,800,70
Business,Trichy,1050,Concert,700,100
Photography,Coimbatore,650,Esports,1050,82
Technology,Madurai,650,Hackathon,800,87
Education,Coimbatore,600,Seminar,750,59
Music,Chennai,650,Training,800,73
Business,Chennai,400,Training,500,65
Photography,Delhi,950,Workshop,950,65
Health,Pune,650,Workshop,800,77
Photography,Madurai,550,Training,550,58
Music,Madurai,1500,Festival,1250,96
Health,Kochi,550,Hackathon,550,77
Art,Delhi,1400,Concert,950,91
Gaming,Delhi,250,Exhibition,200,54
Gaming,Chennai,250,Football,200,88
Travel,Trichy,250,Seminar,300,25
Photography,Pune,250,Football,200,89
Music,Hyderabad,850,Esports,1450,92
Photography,Trichy,1800,Concert,1200,69
Travel,Mumbai,1100,Conference,1850,70
Photography,Pune,1450,Conference,2450,76
Education,Hyderabad,1400,Conference,950,83
Art,Madurai,650,Esports,1050,73
Health,Madurai,350,Seminar,300,57
Art,Trichy,550,Concert,550,65
Art,Kochi,250,Exhibition,150,59
Health,Hyderabad,300,Workshop,350,66
Education,Kochi,650,Training,650,75
Sports,Pune,1400,Hackathon,950,88
Music,Trichy,850,Esports,1050,89
Gaming,Chennai,250,Exhibition,200,71
Education,Trichy,700,Hackathon,1150,100
Photography,Madurai,850,Esports,1450,58
Gaming,Delhi,250,Seminar,450,78
Photography,Hyderabad,950,Seminar,800,62
Business,Hyderabad,250,Exhibition,300,58
Music,Chennai,600,Training,750,81
Technology,Trichy,1100,Conference,1400,59
Photography,Chennai,1450,Hackathon,1200,74
Gaming,Chennai,900,Training,750,72
Gaming,Madurai,400,Hackathon,650,87
Music,Hyderabad,800,Hackathon,800,61
Gaming,Bangalore,350,Exhibition,600,48
Photography,Trichy,450,Esports,550,92
Music,Madurai,1350,Concert,900,89
Gaming,Delhi,400,Football,500,96
Education,Chennai,600,Training,750,80
Music,Coimbatore,1750,Conference,1750,62
Gaming,Mumbai,800,Esports,650,61
Gaming,Mumbai,1250,Conference,2100,75
Gaming,Delhi,500,Workshop,800,75
Education,Coimbatore,2300,Esports,1900,74
Sports,Madurai,250,Workshop,250,67
Art,Hyderabad,650,Conference,800,75
Health,Coimbatore,500,Training,600,49
Gaming,Bangalore,500,Training,350,31
Art,Trichy,250,Football,100,76
Sports,Madurai,650,Concert,800,75
Education,Bangalore,450,Exhibition,450,36
Education,Hyderabad,1450,Conference,2450,71
Travel,Pune,1200,Festival,800,100
Photography,Chennai,250,Football,250,74
Education,Mumbai,1200,Conference,800,93
Gaming,Mumbai,450,Workshop,550,57
Art,Kochi,250,Seminar,300,55
Business,Kochi,600,Training,400,62
Travel,Coimbatore,300,Training,500,62
Gaming,Hyderabad,1450,Concert,1450,75
Sports,Mumbai,500,Workshop,500,93
Technology,Delhi,500,Seminar,650,47
Travel,Chennai,1100,Esports,1800,71
Sports,Coimbatore,700,Seminar,700,54
Education,Madurai,650,Concert,650,87
Sports,Hyderabad,300,Workshop,400,94
Sports,Bangalore,250,Exhibition,150,73
Health,Kochi,1350,Hackathon,1350,84
Education,Hyderabad,400,Football,250,77
Travel,Coimbatore,300,Exhibition,350,47
Music,Chennai,350,Football,450,57
Health,Kochi,450,Seminar,300,48
Business,Coimbatore,1200,Concert,1500,83
Photography,Trichy,1250,Workshop,1050,63
Photography,Delhi,400,Festival,500,74
Travel,Mumbai,600,Concert,750,56
Technology,Pune,400,Concert,400,73
Travel,Bangalore,250,Hackathon,450,93
Music,Delhi,700,Hackathon,900,85
Music,Coimbatore,250,Exhibition,250,23
Sports,Madurai,450,Concert,550,65
Gaming,Coimbatore,300,Seminar,500,38
Gaming,Hyderabad,650,Football,550,58
Health,Madurai,550,Conference,900,33
Music,Delhi,1100,Hackathon,900,87
Art,Trichy,700,Esports,900,79
Travel,Kochi,250,Football,450,81
Education,Bangalore,500,Workshop,650,67
Sports,Trichy,700,Training,900,63
Photography,Mumbai,850,Esports,1050,72
Business,Trichy,900,Conference,1150,97
Education,Pune,250,Football,200,78
Travel,Bangalore,950,Conference,1200,70
Education,Bangalore,550,Concert,700,92
Health,Hyderabad,2200,Concert,1450,91
Sports,Mumbai,1000,Workshop,850,92
Health,Mumbai,1350,Conference,2250,73
Travel,Mumbai,750,Conference,750,75
Technology,Delhi,1150,Concert,1450,97
Education,Chennai,250,Football,150,86
Gaming,Mumbai,850,Concert,1450,78
Sports,Madurai,250,Football,250,99
Business,Chennai,250,Seminar,300,51
Sports,Pune,1850,Conference,1850,93
Sports,Bangalore,250,Football,200,73
Sports,Madurai,350,Esports,550,76
Sports,Mumbai,450,Football,450,97
Business,Trichy,1900,Esports,1900,86
Travel,Chennai,1100,Training,900,57
Technology,Bangalore,950,Conference,950,61
Gaming,Bangalore,750,Training,750,43
Business,Trichy,1100,Esports,1100,91
Business,Mumbai,1100,Training,1100,59
Business,Kochi,700,Hackathon,1200,93
Health,Pune,250,Workshop,300,74
Education,Trichy,500,Hackathon,850,94
Education,Delhi,400,Seminar,650,73
Travel,Madurai,250,Exhibition,350,62
Sports,Mumbai,950,Festival,1550,79
Photography,Coimbatore,1300,Hackathon,1300,70
Photography,Bangalore,1400,Concert,950,87
Gaming,Coimbatore,2300,Festival,1550,92
Education,Hyderabad,1100,Festival,1100,95
Music,Trichy,1500,Training,1250,66
Gaming,Delhi,600,Football,500,89
Sports,Pune,700,Workshop,850,86
Art,Delhi,450,Workshop,750,67
Technology,Pune,900,Hackathon,900,91
Business,Trichy,750,Conference,750,57
Gaming,Trichy,1700,Festival,1700,87
Music,Chennai,250,Football,250,73
Sports,Madurai,900,Training,1100,66
Education,Kochi,400,Concert,400,77
Technology,Delhi,2000,Concert,1650,100
Business,Hyderabad,1000,Hackathon,850,96
Gaming,Chennai,650,Seminar,650,58
Health,Chennai,1200,Training,1200,61
Education,Hyderabad,600,Workshop,400,75
Music,Madurai,2550,Concert,1700,68
Technology,Coimbatore,1600,Esports,1050,80
Photography,Madurai,850,Concert,1400,72
Health,Bangalore,650,Concert,800,89
Travel,Chennai,450,Hackathon,450,93
Music,Mumbai,1000,Workshop,650,82
Travel,Delhi,1250,Training,1250,67
Gaming,Mumbai,250,Exhibition,150,69
Art,Madurai,700,Esports,1200,80
Health,Hyderabad,900,Concert,750,76
Sports,Madurai,300,Seminar,250,73
Education,Pune,2500,Festival,1650,80
Music,Delhi,250,Workshop,300,76
Sports,Coimbatore,900,Seminar,750,57
Health,Chennai,1250,Esports,2100,62
Technology,Chennai,800,Seminar,550,61
Music,Bangalore,300,Football,500,84
Music,Delhi,250,Seminar,150,58
Business,Madurai,1950,Conference,2450,53
Education,Pune,1500,Hackathon,1250,86
Music,Pune,1050,Conference,1300,68
Health,Madurai,1350,Seminar,900,40
Education,Mumbai,1200,Workshop,1000,78
Business,Trichy,500,Workshop,600,65
Education,Madurai,850,Festival,1450,100
Music,Pune,450,Festival,550,69
Technology,Mumbai,350,Seminar,350,70
Health,Chennai,900,Conference,750,62
Art,Delhi,550,Esports,950,83
Sports,Delhi,900,Hackathon,1100,79
Photography,Hyderabad,1050,Concert,700,82
Business,Madurai,1050,Festival,1750,85
Education,Trichy,2150,Conference,2150,72
Sports,Coimbatore,1000,Concert,1000,89
Health,Hyderabad,1300,Festival,1650,85
Art,Chennai,450,Festival,550,74
Gaming,Mumbai,250,Football,200,76
Art,Bangalore,350,Workshop,550,73
Technology,Bangalore,250,Exhibition,150,55
Music,Madurai,300,Hackathon,350,71
Photography,Madurai,1400,Festival,950,100
Education,Trichy,800,Hackathon,650,78
Business,Kochi,2100,Conference,2100,66
Gaming,Mumbai,1200,Hackathon,800,61
Sports,Chennai,750,Festival,750,97
Gaming,Mumbai,1050,Conference,1050,53
Business,Coimbatore,800,Festival,800,87
Music,Coimbatore,2450,Conference,2450,77
Technology,Bangalore,500,Exhibition,600,60
Technology,Coimbatore,750,Workshop,500,77
Photography,Hyderabad,1100,Hackathon,1350,75
Art,Chennai,400,Football,500,90
Art,Hyderabad,550,Seminar,550,83
Gaming,Madurai,1100,Concert,750,71
Health,Trichy,700,Exhibition,450,64
Travel,Kochi,250,Football,200,57
Photography,Pune,350,Football,300,72
Health,Coimbatore,2450,Conference,2450,96
Sports,Coimbatore,500,Esports,650,67
Education,Pune,400,Workshop,700,57
Business,Bangalore,1100,Workshop,900,76
Travel,Madurai,400,Festival,700,90
Business,Mumbai,400,Hackathon,500,81
Photography,Coimbatore,500,Conference,850,59
Technology,Chennai,500,Festival,500,95
Art,Trichy,250,Training,250,57
Business,Bangalore,400,Football,250,49
Travel,Mumbai,900,Hackathon,900,87
Photography,Hyderabad,300,Football,200,81
Music,Delhi,700,Seminar,850,55
Education,Mumbai,700,Training,1150,58
Travel,Kochi,650,Training,800,78
Business,Chennai,250,Workshop,200,70
Technology,Pune,650,Workshop,800,71
Education,Pune,550,Football,550,71
Health,Chennai,700,Festival,1150,92
Photography,Delhi,1700,Conference,1150,63
Education,Pune,1750,Esports,1750,63
Business,Mumbai,750,Concert,750,95
Music,Bangalore,750,Festival,950,77
Technology,Chennai,1500,Conference,1250,77
Gaming,Chennai,700,Football,700,100
Health,Mumbai,1200,Concert,1500,100
Business,Kochi,900,Workshop,900,84
Business,Pune,1700,Concert,1400,89
Photography,Trichy,250,Football,300,78
Photography,Kochi,2550,Festival,1700,85
Business,Mumbai,350,Training,600,86
Photography,Coimbatore,1650,Esports,1100,68
Health,Hyderabad,600,Exhibition,400,52
Technology,Delhi,250,Football,200,77
Art,Chennai,600,Concert,750,86
Art,Hyderabad,1150,Festival,1900,85
Gaming,Hyderabad,800,Training,550,72
Business,Hyderabad,3000,Conference,2500,59
Travel,Hyderabad,900,Hackathon,1150,100
Photography,Trichy,300,Workshop,400,82
Music,Kochi,300,Exhibition,250,88
Photography,Bangalore,250,Workshop,250,75
Art,Coimbatore,1100,Hackathon,1350,66
Travel,Madurai,350,Seminar,300,78
Business,Hyderabad,550,Festival,450,100
Art,Madurai,1200,Esports,800,77
Sports,Kochi,400,Football,400,83
Education,Delhi,600,Concert,600,91
Music,Kochi,250,Football,200,88
Business,Pune,550,Seminar,450,45
Music,Bangalore,800,Football,550,97
Photography,Pune,1250,Hackathon,1250,100
Art,Chennai,1100,Concert,900,94
Photography,Madurai,650,Training,650,77
Business,Pune,400,Seminar,350,61
Art,Chennai,3000,Conference,2500,73
Sports,Bangalore,850,Exhibition,700,76
Health,Kochi,400,Workshop,650,63
Business,Chennai,850,Hackathon,700,79
Education,Kochi,700,Concert,450,91
Sports,Trichy,300,Football,500,77
Travel,Bangalore,1000,Festival,1650,88
Music,Bangalore,1300,Concert,1600,91
Education,Coimbatore,400,Hackathon,700,78
Travel,Delhi,550,Concert,700,67
Sports,Mumbai,1000,Football,650,69
Photography,Pune,950,Hackathon,800,63
Gaming,Madurai,1150,Concert,950,81
Business,Madurai,1850,Concert,1550,96
Photography,Chennai,850,Seminar,700,70
Gaming,Hyderabad,650,Exhibition,550,67
Travel,Hyderabad,250,Hackathon,400,74
Business,Chennai,800,Workshop,1000,89
Travel,Trichy,800,Seminar,800,46
Gaming,Madurai,1300,Workshop,850,72
Technology,Hyderabad,1200,Conference,800,71
Travel,Coimbatore,1600,Esports,1050,87
Education,Kochi,1000,Concert,1000,100
Travel,Chennai,950,Esports,950,71
Sports,Madurai,450,Seminar,300,52
Education,Chennai,350,Training,300,74
Travel,Trichy,1600,Concert,1600,81
Gaming,Hyderabad,400,Hackathon,500,75
Art,Bangalore,550,Training,950,83
Gaming,Pune,1000,Conference,1250,76
Art,Chennai,300,Exhibition,300,78
Sports,Pune,600,Seminar,600,38
Gaming,Hyderabad,500,Exhibition,650,69
Business,Delhi,1400,Hackathon,1150,79
Gaming,Delhi,800,Training,800,59
Music,Kochi,1050,Festival,1300,100
Health,Madurai,250,Exhibition,300,69
Sports,Mumbai,1100,Festival,1100,66
Gaming,Delhi,250,Seminar,200,63
Photography,Pune,300,Seminar,350,60
Photography,Madurai,500,Football,500,80
Business,Madurai,1400,Esports,1150,89
Sports,Mumbai,1750,Hackathon,1450,70
Education,Coimbatore,400,Seminar,700,60
Health,Hyderabad,650,Esports,550,84
Sports,Hyderabad,800,Esports,550,91
Technology,Madurai,550,Conference,700,58
Gaming,Hyderabad,600,Concert,500,73
Technology,Kochi,300,Seminar,300,70
Gaming,Coimbatore,400,Training,700,70
Technology,Chennai,1050,Training,700,59
Travel,Hyderabad,450,Seminar,300,39
Sports,Coimbatore,1500,Concert,1250,99
Music,Madurai,300,Football,400,100
Photography,Trichy,550,Conference,700,63
Gaming,Mumbai,250,Seminar,250,62
Art,Delhi,250,Seminar,200,81
Music,Delhi,1100,Concert,750,87
Gaming,Trichy,1650,Hackathon,1100,89
Gaming,Pune,1000,Festival,1650,84
Travel,Pune,450,Exhibition,550,43
Music,Kochi,800,Workshop,1000,77
Gaming,Hyderabad,1000,Festival,1000,100
Music,Bangalore,1200,Hackathon,800,78
Travel,Hyderabad,1250,Concert,1050,96
Travel,Madurai,350,Training,550,75
Gaming,Pune,700,Exhibition,600,90
Photography,Hyderabad,450,Exhibition,300,35
Sports,Kochi,1050,Training,700,66
Travel,Mumbai,550,Training,550,54
Art,Madurai,2900,Conference,2400,82
Photography,Trichy,300,Football,250,65
Technology,Bangalore,2650,Conference,2200,61
Music,Pune,500,Concert,800,96
Business,Pune,550,Concert,550,65
Health,Kochi,1200,Concert,1200,89
Technology,Coimbatore,700,Concert,900,87
Gaming,Delhi,1650,Concert,1100,92
Sports,Chennai,1200,Esports,2000,63
Education,Hyderabad,950,Concert,950,70
Sports,Delhi,1100,Festival,1800,64
Business,Kochi,1500,Training,1000,80
Health,Bangalore,300,Football,250,100
Education,Coimbatore,1700,Hackathon,1400,79
Travel,Madurai,1500,Workshop,1000,75
Travel,Bangalore,700,Concert,850,83
Photography,Delhi,1250,Training,1050,73
Photography,Coimbatore,1200,Concert,800,93
Business,Kochi,350,Training,550,72
Technology,Trichy,800,Hackathon,1000,62
Travel,Kochi,1650,Workshop,1100,86
Education,Delhi,1800,Hackathon,1500,82
Business,Chennai,400,Football,350,90
Photography,Kochi,1150,Esports,1450,82
Health,Madurai,700,Esports,900,76
Music,Chennai,650,Festival,1050,92
Travel,Madurai,750,Seminar,750,88
Gaming,Mumbai,450,Seminar,300,70
Travel,Hyderabad,1900,Training,1250,59
Gaming,Hyderabad,250,Exhibition,200,54
Technology,Coimbatore,950,Concert,1550,94
Education,Mumbai,500,Exhibition,500,55
Business,Coimbatore,950,Conference,800,75
Technology,Bangalore,1300,Training,1100,58
Technology,Mumbai,400,Festival,650,93
Education,Mumbai,250,Football,150,67
Health,Kochi,500,Esports,650,71
Art,Bangalore,250,Exhibition,400,76
Technology,Mumbai,500,Football,500,70
Sports,Mumbai,350,Seminar,550,49
Health,Delhi,250,Exhibition,150,49
Gaming,Chennai,1400,Esports,1150,81
Music,Hyderabad,300,Workshop,400,77
Gaming,Pune,750,Exhibition,750,45
Travel,Kochi,500,Exhibition,500,42
Health,Bangalore,300,Seminar,350,51
Technology,Kochi,300,Workshop,300,75
Sports,Bangalore,1450,Festival,1800,97
Travel,Hyderabad,1100,Festival,1100,100
Photography,Trichy,1000,Festival,850,100
Travel,Trichy,600,Training,500,57
Health,Kochi,600,Hackathon,400,47
Sports,Bangalore,400,Concert,650,95
Technology,Bangalore,1000,Hackathon,1250,74
Sports,Madurai,1200,Training,1000,51
Business,Kochi,2050,Esports,2050,82
Art,Delhi,2050,Festival,1700,99
Gaming,Coimbatore,800,Training,800,60
Health,Bangalore,1050,Exhibition,700,47
Travel,Bangalore,250,Exhibition,250,59
Business,Kochi,600,Football,400,81
Education,Hyderabad,650,Workshop,1050,80
Gaming,Bangalore,400,Football,250,91
Business,Kochi,800,Concert,1350,92
Travel,Bangalore,750,Conference,1250,75
Health,Hyderabad,350,Workshop,450,78
Gaming,Bangalore,250,Football,150,89
Sports,Delhi,650,Workshop,650,83
Sports,Madurai,1300,Concert,1650,88
Health,Kochi,450,Concert,450,99
Education,Madurai,2250,Esports,1500,81
Sports,Pune,1000,Conference,1000,52
Health,Madurai,1000,Training,850,61
Business,Trichy,850,Exhibition,700,59
Music,Trichy,400,Football,250,86
Travel,Pune,300,Training,300,80
Sports,Pune,450,Football,300,83
Music,Delhi,1200,Conference,1000,71
Art,Kochi,950,Conference,800,76
Health,Bangalore,800,Exhibition,650,44
Education,Kochi,300,Seminar,400,60
Travel,Chennai,2300,Concert,1550,88
Art,Chennai,500,Seminar,500,67
Music,Chennai,650,Workshop,650,100
Photography,Coimbatore,500,Esports,650,68
Photography,Madurai,2000,Hackathon,1350,84
Health,Trichy,1000,Conference,650,71
Music,Trichy,1700,Festival,1150,91
Education,Hyderabad,350,Workshop,450,87
Health,Pune,1250,Conference,1250,51
Gaming,Mumbai,1900,Conference,2400,91
Business,Madurai,250,Exhibition,150,81
Music,Trichy,2200,Conference,1850,89
Gaming,Pune,650,Workshop,800,71
Art,Chennai,700,Hackathon,450,89
Music,Bangalore,1600,Hackathon,1350,89
Education,Chennai,950,Hackathon,950,100
Business,Pune,400,Football,250,74
Health,Pune,400,Exhibition,250,64
Technology,Pune,2150,Conference,1800,73
Business,Pune,500,Exhibition,500,59
Art,Madurai,350,Seminar,300,46
Travel,Delhi,500,Exhibition,350,62
Business,Mumbai,850,Hackathon,1450,80
Music,Mumbai,400,Festival,500,100
Photography,Chennai,1800,Hackathon,1500,72
Education,Chennai,700,Conference,1150,69
Art,Mumbai,500,Conference,650,82
Business,Mumbai,400,Exhibition,700,69
Health,Bangalore,350,Workshop,350,51
Travel,Madurai,1000,Seminar,650,66
Health,Pune,400,Workshop,500,57
Travel,Pune,1600,Conference,1350,81
Education,Hyderabad,700,Concert,900,75
Technology,Pune,400,Football,250,79
Music,Chennai,2250,Esports,1500,82
Business,Hyderabad,350,Football,300,72
Business,Delhi,700,Workshop,900,73
Music,Madurai,450,Concert,550,84
Photography,Kochi,250,Football,350,65
Health,Pune,1200,Training,1200,66
Technology,Mumbai,1300,Conference,2200,84
Education,Coimbatore,950,Esports,1200,65
Sports,Bangalore,1200,Conference,1200,80
Sports,Mumbai,600,Festival,600,89
Health,Bangalore,500,Festival,650,87
Education,Pune,250,Concert,450,74
Technology,Bangalore,1300,Festival,1100,97
Art,Bangalore,1000,Conference,1700,82
Travel,Mumbai,650,Hackathon,1050,84
Photography,Hyderabad,1900,Festival,1900,100
Sports,Bangalore,400,Exhibition,400,57
Travel,Trichy,1450,Conference,1800,73
Travel,Kochi,1950,Festival,1300,82
Sports,Coimbatore,900,Concert,900,69
Education,Kochi,1300,Festival,1600,80
Music,Bangalore,250,Training,250,97
Sports,Pune,1450,Concert,1450,74
Travel,Pune,1500,Conference,1000,66
Photography,Bangalore,250,Football,300,77
Sports,Bangalore,650,Seminar,550,50
Travel,Mumbai,500,Concert,800,68
Technology,Trichy,750,Esports,950,94
Education,Delhi,1000,Hackathon,650,66
Music,Chennai,750,Hackathon,950,77
Health,Chennai,1850,Conference,1850,69
Technology,Delhi,1350,Concert,1350,88
Health,Kochi,500,Concert,500,97
Education,Coimbatore,1650,Hackathon,1100,69
Business,Pune,350,Festival,550,83
Photography,Coimbatore,550,Concert,450,68
Education,Delhi,450,Hackathon,450,90
Gaming,Delhi,350,Concert,550,72
Health,Delhi,1500,Concert,1500,66
Photography,Trichy,400,Seminar,700,82
Gaming,Kochi,950,Esports,1550,74
Photography,Coimbatore,600,Football,600,64
Education,Chennai,1300,Festival,1300,62
Sports,Trichy,700,Football,450,64
Art,Trichy,500,Exhibition,350,56
Health,Trichy,1650,Esports,2050,79
Music,Bangalore,1500,Festival,1250,83
Sports,Trichy,500,Workshop,800,100
Business,Bangalore,1400,Training,1150,61
Gaming,Madurai,600,Festival,750,91
Photography,Pune,1100,Hackathon,1100,80
Education,Mumbai,650,Seminar,650,60
Technology,Madurai,1350,Conference,900,76
Art,Trichy,700,Football,600,90
Business,Hyderabad,500,Football,400,88
Photography,Delhi,1900,Conference,1250,93
Music,Coimbatore,300,Seminar,300,47
Art,Kochi,1000,Seminar,650,76
Business,Delhi,2300,Festival,1550,83
Health,Pune,1700,Hackathon,1150,87
Business,Madurai,1450,Concert,1200,77
Technology,Pune,400,Concert,650,68
Gaming,Bangalore,400,Exhibition,500,48
Art,Coimbatore,250,Exhibition,300,67
Gaming,Delhi,700,Training,1150,76
Photography,Madurai,300,Exhibition,200,65
Sports,Bangalore,600,Training,400,87
Gaming,Trichy,2050,Festival,1700,97
Education,Trichy,1350,Festival,1700,75
Sports,Trichy,1350,Concert,1700,89
Travel,Madurai,1700,Esports,1700,100
Education,Bangalore,250,Exhibition,350,34
Photography,Hyderabad,1050,Workshop,1050,90
Travel,Kochi,300,Workshop,400,90
Photography,Madurai,900,Training,1100,81
Music,Mumbai,600,Esports,1000,64
Photography,Coimbatore,1250,Festival,1550,60
Education,Mumbai,600,Football,400,100
Music,Delhi,450,Hackathon,450,77
Art,Trichy,550,Football,550,75
Travel,Mumbai,1000,Training,650,70
Photography,Delhi,250,Seminar,400,71
Travel,Trichy,1150,Conference,1900,55
Photography,Bangalore,700,Exhibition,600,51
Health,Trichy,250,Football,100,83
Education,Coimbatore,800,Esports,800,86
Music,Delhi,800,Conference,1000,54
Sports,Trichy,650,Training,1100,67
Photography,Trichy,250,Football,300,86
Art,Trichy,1000,Concert,1250,93
Education,Pune,400,Exhibition,350,63
Music,Delhi,1300,Concert,1300,73
Health,Trichy,1550,Festival,1550,95
Photography,Hyderabad,700,Training,850,41
Health,Madurai,400,Training,400,63
Art,Kochi,1100,Concert,1400,97
Art,Mumbai,400,Seminar,700,55
Health,Madurai,250,Football,150,100
Art,Trichy,700,Seminar,450,72
Education,Kochi,850,Workshop,850,69
Photography,Delhi,800,Esports,550,92
Photography,Bangalore,400,Hackathon,650,91
Business,Bangalore,3600,Conference,2400,50
Gaming,Pune,400,Exhibition,500,65
Education,Madurai,2550,Conference,1700,68
Sports,Pune,500,Exhibition,500,64
Business,Coimbatore,500,Festival,500,74
Art,Pune,650,Football,550,88
Education,Pune,350,Seminar,450,59
Sports,Trichy,1900,Festival,1600,77
Art,Mumbai,550,Workshop,450,80
Photography,Kochi,1150,Esports,950,73
Gaming,Coimbatore,1650,Conference,1100,54
Education,Madurai,1050,Training,1050,65
Music,Delhi,1300,Hackathon,1300,84
Photography,Chennai,1000,Festival,1700,100
Travel,Coimbatore,250,Football,100,83
Music,Pune,1000,Hackathon,1000,84
Music,Mumbai,1000,Festival,650,66
Music,Kochi,600,Seminar,500,67
Art,Trichy,750,Football,500,70
Business,Trichy,300,Exhibition,300,67
Photography,Coimbatore,1150,Hackathon,1450,95
Photography,Kochi,250,Exhibition,150,57
Photography,Kochi,500,Seminar,350,73
Travel,Hyderabad,1500,Esports,1250,73
Travel,Kochi,1000,Conference,1000,75
Photography,Coimbatore,3700,Conference,2450,85
Health,Kochi,800,Hackathon,1300,95
Gaming,Hyderabad,1100,Training,1100,64
Health,Trichy,250,Workshop,250,61
Art,Madurai,1400,Workshop,950,80
Art,Kochi,600,Training,750,49
Education,Madurai,250,Concert,400,92
Travel,Bangalore,800,Seminar,650,84
Gaming,Chennai,500,Seminar,650,70
Education,Madurai,400,Training,650,58
Gaming,Mumbai,650,Festival,800,95
Music,Mumbai,1100,Festival,1350,95
Education,Madurai,300,Workshop,300,74
Photography,Delhi,750,Exhibition,500,66
Sports,Madurai,1300,Esports,1300,86
Music,Coimbatore,650,Training,1100,44
Music,Hyderabad,350,Seminar,300,46
Sports,Delhi,450,Football,550,79
Education,Hyderabad,1100,Festival,900,98
Health,Chennai,750,Festival,750,100
Music,Pune,1600,Training,1050,63
Music,Bangalore,1600,Festival,1350,80
Art,Mumbai,400,Seminar,700,44
Business,Coimbatore,500,Football,600,92
Technology,Madurai,2300,Festival,1900,100
Health,Bangalore,500,Seminar,350,43
Travel,Hyderabad,1450,Esports,1450,53
Business,Chennai,250,Seminar,400,64
Sports,Chennai,250,Football,250,82
Photography,Hyderabad,2600,Festival,1750,100
Technology,Mumbai,1050,Concert,700,69
Music,Mumbai,850,Esports,1400,85
Travel,Hyderabad,300,Exhibition,350,67
Travel,Kochi,400,Seminar,500,44
Travel,Mumbai,1500,Esports,1900,78
Travel,Kochi,450,Concert,750,74
Technology,Coimbatore,1500,Hackathon,1250,93
Technology,Chennai,900,Concert,1100,99
Health,Trichy,400,Football,650,98
Technology,Coimbatore,550,Football,550,97
Music,Pune,800,Esports,1000,77
Art,Coimbatore,2050,Esports,2050,73
Technology,Mumbai,250,Football,300,88
Education,Kochi,300,Seminar,300,70
Business,Madurai,650,Festival,550,62
Technology,Kochi,450,Seminar,550,70
Art,Delhi,1000,Training,650,65
Photography,Bangalore,1450,Hackathon,1200,79
Travel,Pune,1700,Esports,1150,76
Music,Pune,500,Training,800,57
Photography,Hyderabad,600,Football,400,93
Business,Bangalore,2100,Conference,1750,88
Sports,Delhi,250,Seminar,450,54
Technology,Coimbatore,1500,Esports,1250,73
Art,Madurai,250,Football,200,89
Business,Madurai,1700,Hackathon,1400,100
Education,Hyderabad,1000,Hackathon,650,98
Technology,Pune,550,Football,550,80
Technology,Bangalore,650,Workshop,1100,69
Art,Trichy,750,Concert,500,99
Gaming,Chennai,1400,Workshop,950,79
Technology,Madurai,250,Seminar,200,61
Art,Bangalore,650,Festival,1100,91
Health,Madurai,2300,Festival,1550,88
Music,Hyderabad,500,Workshop,350,77
Music,Coimbatore,250,Workshop,250,72
Technology,Bangalore,1700,Concert,1150,100
Technology,Hyderabad,500,Esports,800,74
Health,Coimbatore,500,Esports,600,82
Technology,Chennai,350,Concert,550,89
Music,Mumbai,550,Esports,950,73
Music,Chennai,900,Seminar,750,70
Business,Hyderabad,1250,Conference,1050,67
Health,Madurai,350,Workshop,350,68
Music,Chennai,900,Workshop,900,58
Gaming,Bangalore,300,Football,350,66
Photography,Coimbatore,250,Workshop,350,86
Travel,Madurai,2100,Esports,1750,80
Technology,Bangalore,350,Football,300,76
Photography,Coimbatore,2300,Conference,1900,66
Sports,Kochi,500,Training,350,61
Music,Madurai,750,Workshop,500,68
Photography,Chennai,1200,Hackathon,800,99
Music,Madurai,600,Training,1000,78
Gaming,Pune,850,Hackathon,700,72
Art,Chennai,1550,Concert,1550,73
Business,Trichy,1150,Conference,950,85
Sports,Trichy,500,Training,500,74
Health,Pune,950,Concert,1200,86
Business,Bangalore,400,Exhibition,400,49
Education,Madurai,750,Festival,950,83
Health,Delhi,300,Seminar,250,53
Art,Coimbatore,1050,Festival,1750,91
Sports,Kochi,550,Festival,550,87
Photography,Madurai,2100,Conference,1750,60
Business,Madurai,1150,Esports,1150,89
Gaming,Coimbatore,1300,Conference,1100,73
Travel,Delhi,1250,Conference,1250,68
Travel,Trichy,3300,Conference,2200,75
Gaming,Coimbatore,300,Football,350,92
Sports,Bangalore,250,Football,300,93
Education,Hyderabad,1950,Conference,2450,62
Gaming,Bangalore,3700,Conference,2450,54
Photography,Trichy,1750,Conference,1750,72
Music,Delhi,350,Football,550,65
Sports,Kochi,600,Training,1000,66
Photography,Bangalore,250,Exhibition,150,56
Gaming,Trichy,1100,Esports,900,65
Business,Trichy,1450,Esports,1450,64
Health,Chennai,1400,Esports,1150,71
Education,Delhi,750,Hackathon,1250,82
Education,Kochi,300,Exhibition,250,50
Photography,Pune,1750,Conference,1750,50
Photography,Pune,500,Training,500,58
Photography,Hyderabad,1350,Concert,900,94
Health,Mumbai,2650,Conference,2200,60
Business,Delhi,550,Workshop,550,77
Education,Coimbatore,500,Seminar,650,52
Art,Bangalore,1050,Concert,700,94
Sports,Coimbatore,750,Hackathon,500,87
Gaming,Chennai,1100,Concert,900,90
Photography,Kochi,400,Exhibition,400,67
Gaming,Kochi,1400,Festival,1400,100
Sports,Kochi,850,Hackathon,700,65
Music,Bangalore,850,Concert,700,75
Technology,Hyderabad,400,Concert,400,81
Health,Coimbatore,1900,Conference,2400,64
Sports,Coimbatore,1700,Conference,1700,67
Music,Delhi,250,Workshop,300,81
Music,Chennai,1150,Conference,1900,94
Photography,Pune,650,Concert,550,72
Business,Trichy,450,Seminar,750,40
Art,Coimbatore,1200,Workshop,800,84
Art,Bangalore,300,Seminar,500,58
Education,Kochi,250,Football,100,82
Travel,Kochi,500,Conference,850,79
Health,Hyderabad,450,Concert,450,100
Technology,Mumbai,600,Workshop,1000,72
Art,Pune,650,Training,650,77
Sports,Chennai,1350,Hackathon,1350,89
Travel,Trichy,1100,Esports,900,93
Music,Kochi,500,Football,500,89
Music,Delhi,250,Football,150,75
Music,Pune,550,Hackathon,550,76
Travel,Kochi,1600,Hackathon,1350,85
Photography,Trichy,500,Workshop,800,60
Travel,Chennai,250,Football,250,75
Business,Delhi,1850,Festival,1850,100
Technology,Pune,250,Training,250,62
Health,Madurai,1250,Hackathon,1050,73
Technology,Chennai,900,Training,600,57
Photography,Mumbai,1350,Training,900,84
Photography,Bangalore,2300,Festival,1900,62
Music,Delhi,2500,Conference,2500,83
Art,Trichy,600,Seminar,500,62
Travel,Chennai,250,Seminar,350,34
Gaming,Kochi,2400,Esports,1600,71
Education,Chennai,400,Concert,700,94
Technology,Madurai,450,Workshop,550,83
Travel,Chennai,750,Hackathon,750,90
Gaming,Madurai,250,Workshop,450,87
Photography,Bangalore,400,Hackathon,400,78
Technology,Bangalore,450,Concert,450,100
Technology,Chennai,550,Esports,550,78
Sports,Bangalore,500,Seminar,650,61
Business,Delhi,850,Hackathon,700,85
Art,Trichy,900,Esports,900,68
Photography,Bangalore,1200,Hackathon,1200,82
Technology,Pune,800,Exhibition,550,66
Business,Kochi,550,Football,550,85
Photography,Coimbatore,850,Concert,1400,78
Music,Chennai,350,Seminar,550,66
Technology,Hyderabad,1100,Hackathon,1400,85
Travel,Delhi,700,Training,1150,78
Photography,Pune,450,Hackathon,750,100
Gaming,Bangalore,250,Exhibition,150,58
Health,Bangalore,1250,Esports,1050,77
Photography,Chennai,2200,Concert,1450,90
Health,Hyderabad,700,Esports,600,100
Music,Madurai,800,Hackathon,1350,100
Business,Coimbatore,1200,Concert,1200,87
Education,Kochi,450,Workshop,450,66
Art,Trichy,1100,Festival,1400,100
Technology,Mumbai,2000,Festival,1650,100
Technology,Madurai,1400,Training,1150,72
Gaming,Hyderabad,2400,Esports,2000,75
Technology,Trichy,350,Seminar,350,69
Music,Coimbatore,1400,Training,1150,83
Business,Pune,3600,Conference,2400,72
Gaming,Pune,300,Exhibition,350,63
Education,Coimbatore,1100,Workshop,750,90
Photography,Mumbai,1050,Workshop,1050,70
Photography,Mumbai,700,Esports,900,83
Art,Mumbai,3700,Conference,2450,51
Business,Bangalore,900,Conference,750,62
Business,Coimbatore,600,Workshop,1000,78
Music,Pune,600,Esports,750,72
Technology,Trichy,300,Football,400,78
Gaming,Pune,450,Training,550,65
Photography,Delhi,250,Hackathon,400,100
Photography,Chennai,500,Festival,800,85
Business,Kochi,1000,Seminar,850,77
Business,Bangalore,900,Hackathon,1150,80
Education,Kochi,800,Esports,650,74
Sports,Pune,700,Concert,850,75
Sports,Delhi,750,Exhibition,750,50
Sports,Pune,950,Training,800,48
Photography,Delhi,1200,Concert,1500,90
Music,Chennai,850,Concert,1450,77
Technology,Coimbatore,2200,Hackathon,1450,85
Art,Coimbatore,350,Exhibition,350,58
Health,Kochi,750,Training,1250,45
Education,Pune,400,Concert,700,89
Music,Chennai,1500,Esports,1000,97
Sports,Pune,900,Football,600,80
Health,Delhi,2250,Esports,1500,71
Education,Hyderabad,1500,Training,1000,67
Technology,Bangalore,300,Workshop,500,88
Health,Trichy,300,Training,300,79
Gaming,Madurai,1050,Hackathon,700,81
Health,Hyderabad,450,Exhibition,450,76
Gaming,Hyderabad,750,Esports,750,76
Photography,Madurai,1100,Concert,750,70
Travel,Bangalore,400,Exhibition,650,83
Health,Mumbai,350,Seminar,300,60
Business,Coimbatore,1150,Festival,1150,72
Travel,Trichy,450,Hackathon,750,74
Travel,Coimbatore,2500,Conference,2500,74
Art,Kochi,250,Workshop,200,64
Music,Mumbai,750,Seminar,500,73
Music,Trichy,800,Hackathon,1000,64
Health,Pune,700,Festival,900,78
Sports,Coimbatore,1400,Esports,1400,86
Travel,Pune,250,Football,150,62
Business,Chennai,2100,Hackathon,1400,85
Education,Mumbai,950,Concert,950,87
Education,Trichy,1100,Festival,1850,86
Music,Pune,650,Training,650,71
Gaming,Bangalore,450,Seminar,450,55
Sports,Bangalore,2400,Esports,2000,83
Gaming,Delhi,800,Hackathon,1350,70
Business,Delhi,250,Football,350,80
Gaming,Chennai,600,Workshop,750,54
Art,Kochi,1400,Training,950,68
Sports,Kochi,1700,Conference,1400,79
Health,Madurai,450,Training,450,35
Education,Chennai,1050,Hackathon,1050,66
Technology,Trichy,500,Seminar,500,54
Business,Chennai,800,Concert,650,90
Travel,Mumbai,800,Seminar,550,53
Education,Pune,750,Concert,1250,91
Photography,Delhi,400,Football,250,53
Travel,Kochi,1050,Concert,700,88
Photography,Delhi,700,Conference,900,67
Education,Coimbatore,2900,Conference,2400,74
Business,Pune,250,Football,350,70
Technology,Kochi,400,Hackathon,700,83
Health,Chennai,750,Conference,950,64
Education,Delhi,600,Workshop,600,71
Gaming,Mumbai,1200,Conference,1200,67
Technology,Kochi,1300,Conference,2200,80
Sports,Mumbai,450,Workshop,450,82
Music,Kochi,250,Exhibition,200,67
Health,Trichy,300,Exhibition,350,68
Health,Trichy,400,Seminar,500,58
Business,Delhi,250,Football,400,81
Business,Pune,350,Training,300,74
Gaming,Bangalore,750,Hackathon,500,93
Music,Bangalore,1750,Festival,1450,81
Art,Pune,1250,Esports,2050,78
Business,Delhi,800,Conference,650,68
Gaming,Kochi,500,Hackathon,600,61
Music,Delhi,650,Hackathon,1100,97
Education,Pune,700,Festival,850,87
Photography,Bangalore,400,Exhibition,350,51
Sports,Mumbai,300,Football,200,56
Music,Kochi,400,Seminar,400,64
Music,Kochi,800,Exhibition,550,67
Travel,Kochi,400,Training,700,51
Education,Pune,1200,Esports,800,71
Health,Kochi,250,Training,300,50
Travel,Kochi,650,Seminar,800,45
Sports,Hyderabad,950,Hackathon,950,87
Music,Madurai,650,Seminar,550,45
Photography,Kochi,600,Seminar,400,55
Art,Pune,600,Workshop,500,69
Health,Mumbai,1050,Conference,700,76
Sports,Madurai,1600,Concert,1350,89
Gaming,Madurai,850,Esports,1050,61
Technology,Delhi,1150,Concert,1450,100
Sports,Chennai,2100,Esports,2100,84
Education,Coimbatore,350,Workshop,350,64
Photography,Bangalore,750,Conference,950,78
Education,Hyderabad,1900,Esports,1900,75
Music,Delhi,1550,Festival,1550,91
Music,Madurai,450,Football,550,66
Art,Pune,850,Festival,1400,85
Business,Mumbai,900,Festival,1150,100
Technology,Bangalore,300,Exhibition,250,48
Gaming,Bangalore,1800,Concert,1500,100
Business,Bangalore,250,Training,400,64
Business,Hyderabad,750,Training,750,59
Gaming,Coimbatore,950,Conference,950,65
Health,Trichy,250,Football,200,81
Travel,Coimbatore,850,Concert,1400,83
Gaming,Madurai,550,Football,450,80
Art,Delhi,1650,Festival,1100,98
Technology,Coimbatore,250,Football,150,84
Education,Madurai,600,Esports,1000,93
Sports,Kochi,400,Training,500,66
Technology,Trichy,750,Exhibition,750,40
Music,Kochi,650,Concert,800,99
Art,Pune,1400,Conference,1750,67
Art,Bangalore,700,Hackathon,700,84
Travel,Trichy,400,Exhibition,250,60
Gaming,Kochi,2400,Conference,2400,85
Education,Bangalore,2100,Conference,1400,68
Business,Chennai,400,Esports,700,80
Business,Trichy,1450,Esports,1200,56
Music,Hyderabad,850,Esports,850,60
Health,Hyderabad,1650,Esports,2050,81
Travel,Madurai,650,Seminar,650,69
Gaming,Mumbai,700,Esports,700,80
Technology,Delhi,450,Exhibition,300,74
Art,Delhi,550,Training,450,62
Photography,Madurai,1400,Conference,2300,100
Education,Pune,600,Seminar,750,70
Travel,Kochi,750,Training,1250,58
Art,Pune,1300,Training,1100,92
Gaming,Madurai,700,Training,900,67
Health,Chennai,1550,Esports,1550,84
Art,Coimbatore,650,Training,1050,68
Business,Coimbatore,1750,Esports,1750,56
Art,Bangalore,1800,Concert,1500,92
Education,Pune,1550,Hackathon,1300,100
Travel,Pune,700,Training,1150,62
Gaming,Kochi,850,Concert,850,71
Photography,Madurai,600,Exhibition,600,65
Education,Hyderabad,250,Exhibition,400,50
Art,Coimbatore,250,Exhibition,300,51
Sports,Mumbai,1200,Hackathon,800,80
Music,Chennai,600,Seminar,400,77
Photography,Pune,350,Exhibition,300,54
Music,Kochi,1300,Festival,1100,91
Travel,Trichy,500,Training,850,71
Sports,Mumbai,250,Exhibition,150,72
Technology,Trichy,350,Workshop,300,70
Education,Madurai,500,Training,400,70
Music,Kochi,650,Football,650,83
Art,Pune,300,Football,300,90
Business,Coimbatore,300,Football,350,67
Health,Delhi,900,Conference,750,73
Health,Delhi,800,Hackathon,800,78
Education,Hyderabad,700,Conference,900,73
Business,Hyderabad,1100,Concert,1350,70
Travel,Coimbatore,350,Exhibition,350,53
Travel,Hyderabad,500,Conference,850,68
Health,Hyderabad,300,Festival,500,100
Sports,Trichy,500,Festival,800,76
Art,Pune,1650,Hackathon,1100,94
Travel,Kochi,1050,Hackathon,1300,81
Travel,Trichy,400,Seminar,700,70
Health,Mumbai,450,Training,450,86
Travel,Mumbai,250,Football,250,76
Music,Bangalore,350,Workshop,350,73
Technology,Kochi,250,Football,400,81
Photography,Hyderabad,450,Exhibition,300,73
Travel,Bangalore,600,Hackathon,600,64
Photography,Bangalore,900,Concert,750,88
Art,Bangalore,300,Workshop,250,66
Gaming,Pune,1400,Esports,1750,67
Sports,Madurai,600,Exhibition,750,58
Education,Coimbatore,250,Workshop,350,97
Health,Chennai,550,Football,550,87
Music,Delhi,1150,Concert,950,80
Business,Madurai,1000,Festival,1000,81
Sports,Madurai,1400,Conference,1150,74
Travel,Pune,300,Exhibition,200,55
Technology,Coimbatore,550,Football,700,77
Business,Bangalore,350,Football,450,88
Technology,Chennai,250,Exhibition,200,38
Education,Kochi,1150,Training,950,64
Gaming,Bangalore,700,Workshop,850,56
Technology,Madurai,700,Conference,900,83
Business,Kochi,800,Concert,800,100
Health,Kochi,700,Concert,1200,75
Business,Delhi,500,Concert,650,91
Business,Kochi,1350,Workshop,900,77
Health,Mumbai,2700,Esports,1800,83
Gaming,Pune,1400,Training,1150,72
Education,Coimbatore,1000,Concert,1700,100
Photography,Chennai,550,Exhibition,450,69
Gaming,Hyderabad,700,Conference,1200,79
Sports,Chennai,1050,Festival,1300,87
Technology,Pune,500,Seminar,650,67
Education,Madurai,1600,Workshop,1050,83
Education,Madurai,950,Esports,1600,80
Technology,Hyderabad,250,Exhibition,200,62
Education,Madurai,1200,Conference,1000,54
Business,Bangalore,250,Training,300,66
Photography,Madurai,950,Festival,1200,73
Travel,Madurai,1100,Concert,900,89
Technology,Delhi,400,Exhibition,350,68
Gaming,Bangalore,1400,Esports,1400,99
Music,Coimbatore,1700,Training,1150,56
Sports,Bangalore,900,Workshop,750,86
Photography,Kochi,250,Exhibition,250,53
Technology,Trichy,600,Hackathon,500,82
Education,Kochi,350,Training,550,50
Sports,Pune,250,Football,250,76
Education,Chennai,1300,Hackathon,1300,87
Health,Madurai,650,Training,800,64
Technology,Delhi,250,Seminar,200,40
Gaming,Madurai,1000,Conference,650,77
Technology,Chennai,500,Workshop,350,57
Photography,Pune,400,Exhibition,350,60
Education,Madurai,800,Hackathon,650,89
Business,Hyderabad,3150,Esports,2100,89
Travel,Chennai,2600,Conference,1750,76
Photography,Delhi,300,Workshop,350,72
Business,Trichy,500,Esports,650,92
Music,Pune,400,Workshop,500,71
Business,Coimbatore,250,Seminar,300,59
Technology,Delhi,2000,Festival,1650,98
Business,Chennai,450,Workshop,300,89
Business,Kochi,1150,Esports,1900,73
Education,Kochi,2100,Esports,1750,57
Art,Bangalore,500,Esports,500,69
Health,Pune,550,Workshop,450,93
Sports,Pune,800,Esports,1000,61
Sports,Bangalore,500,Hackathon,500,87
Music,Trichy,1200,Esports,800,73
Business,Coimbatore,1100,Esports,750,74
Business,Madurai,300,Exhibition,350,62
Gaming,Chennai,1100,Concert,1100,94
Business,Coimbatore,500,Exhibition,600,46
Travel,Trichy,650,Workshop,650,73
Gaming,Pune,300,Football,300,87
Music,Mumbai,400,Esports,650,81
Business,Kochi,600,Concert,400,98
Gaming,Hyderabad,1200,Concert,1200,92
Music,Hyderabad,500,Workshop,600,63
Photography,Pune,350,Seminar,550,60
Photography,Mumbai,800,Exhibition,550,60
Gaming,Bangalore,950,Festival,1550,100
Travel,Hyderabad,250,Exhibition,150,52
Sports,Delhi,1850,Esports,1850,74
Photography,Madurai,700,Concert,900,87
Business,Bangalore,250,Football,350,81
Sports,Kochi,400,Seminar,350,52
Travel,Pune,400,Training,350,60
Gaming,Hyderabad,800,Training,800,69
Gaming,Delhi,250,Seminar,250,67
Business,Kochi,1150,Concert,950,89
Travel,Trichy,1050,Conference,1750,51
Gaming,Mumbai,1200,Hackathon,800,100
Art,Chennai,500,Hackathon,500,80
Sports,Pune,350,Football,550,64
Technology,Delhi,1750,Conference,1450,73
Health,Mumbai,1800,Esports,1800,70
Music,Bangalore,550,Seminar,450,72
Music,Pune,350,Seminar,450,39
Travel,Pune,350,Hackathon,600,94
Health,Mumbai,1500,Conference,1900,94
Health,Hyderabad,2400,Conference,2400,86
Travel,Bangalore,1300,Workshop,850,84
Business,Coimbatore,350,Exhibition,450,55
Travel,Pune,550,Training,450,76
Art,Madurai,800,Seminar,650,60
Music,Chennai,500,Festival,650,92
Technology,Trichy,900,Esports,1150,100
Health,Bangalore,900,Hackathon,1100,100
Art,Madurai,2350,Esports,1950,76
Sports,Mumbai,1200,Concert,1000,78
Art,Chennai,550,Workshop,950,95
Business,Chennai,800,Hackathon,1300,100
Art,Madurai,700,Esports,700,78
Sports,Mumbai,550,Concert,900,65
Education,Hyderabad,250,Exhibition,200,56
Health,Kochi,450,Training,550,78
Music,Coimbatore,300,Exhibition,350,50
Business,Delhi,1150,Esports,1150,62
Travel,Mumbai,300,Hackathon,350,80
Art,Mumbai,800,Exhibition,650,70
Business,Kochi,450,Hackathon,750,70
Photography,Kochi,1450,Esports,1800,87
Art,Hyderabad,950,Conference,1550,61
Art,Coimbatore,600,Esports,750,79
Education,Bangalore,400,Exhibition,500,56
Technology,Trichy,1250,Conference,1050,67
Photography,Kochi,350,Exhibition,600,44
Art,Coimbatore,500,Exhibition,350,55
Music,Bangalore,400,Hackathon,400,95
Travel,Coimbatore,550,Training,450,69
Music,Pune,250,Seminar,200,61
Health,Madurai,550,Concert,900,100
Photography,Delhi,950,Hackathon,950,89
Technology,Pune,250,Exhibition,450,65
Education,Bangalore,550,Training,450,88
Health,Madurai,1400,Concert,950,81
Art,Kochi,1700,Conference,1400,94
Business,Pune,600,Hackathon,500,94
Health,Bangalore,250,Football,200,77
Technology,Pune,250,Exhibition,300,63
Education,Delhi,800,Hackathon,1350,98
Health,Hyderabad,250,Football,100,79
Art,Pune,1300,Seminar,850,39
Sports,Bangalore,500,Seminar,350,60
Health,Coimbatore,900,Conference,750,62
Music,Chennai,2450,Conference,2450,77
Technology,Coimbatore,1650,Festival,1650,81
Photography,Mumbai,700,Festival,600,93
Business,Kochi,250,Football,250,77
Photography,Madurai,1800,Hackathon,1200,73
Travel,Coimbatore,700,Hackathon,700,90
Health,Bangalore,1100,Hackathon,750,100
Travel,Coimbatore,600,Training,500,81
Technology,Kochi,250,Exhibition,250,62
Art,Bangalore,2200,Concert,1450,99
Health,Delhi,250,Exhibition,150,37
Education,Madurai,350,Concert,450,100
Travel,Coimbatore,1850,Festival,1850,92
Health,Madurai,500,Seminar,850,68
Music,Kochi,700,Concert,700,69
Education,Kochi,400,Training,650,66
Travel,Delhi,1150,Conference,950,82
Education,Pune,350,Exhibition,300,77
Technology,Pune,1050,Concert,700,100
Education,Kochi,400,Football,250,100
Art,Trichy,1000,Exhibition,650,27
Business,Mumbai,450,Football,450,72
Technology,Madurai,800,Conference,800,90
Music,Coimbatore,1500,Festival,1250,100
Art,Kochi,300,Seminar,400,71
Music,Bangalore,750,Seminar,500,54
Health,Coimbatore,800,Festival,650,100
Photography,Pune,1900,Festival,1600,100
Sports,Kochi,600,Hackathon,1000,100
Travel,Madurai,1500,Concert,1250,52
Gaming,Kochi,2200,Concert,1450,78
Photography,Mumbai,450,Football,300,77
Technology,Trichy,1200,Hackathon,800,91
Gaming,Madurai,900,Concert,1150,97
Education,Coimbatore,1950,Hackathon,1300,87
Technology,Bangalore,1050,Festival,700,78
Business,Hyderabad,1050,Conference,700,76
Art,Delhi,850,Hackathon,850,70
Education,Delhi,250,Exhibition,200,87
Photography,Madurai,250,Football,100,72
Gaming,Trichy,1400,Festival,1750,78
Gaming,Kochi,2350,Conference,2350,61
Sports,Pune,250,Seminar,300,61
Art,Madurai,1550,Festival,1550,82
Art,Trichy,300,Football,400,94
Travel,Bangalore,600,Concert,500,94
Art,Chennai,500,Esports,650,65
Music,Madurai,500,Training,800,62
Business,Hyderabad,900,Esports,600,77
Gaming,Madurai,250,Football,450,89
Health,Bangalore,700,Training,700,60
Travel,Bangalore,1000,Football,650,77
Travel,Kochi,1450,Festival,1800,100
Business,Delhi,1300,Esports,1300,81
Business,Bangalore,1100,Training,1100,58
Business,Kochi,1000,Workshop,650,82
Technology,Mumbai,1350,Esports,1700,98
Sports,Coimbatore,600,Workshop,600,70
Art,Coimbatore,3400,Conference,2250,62
Education,Coimbatore,650,Hackathon,650,81
Health,Kochi,600,Seminar,750,59
Music,Madurai,1150,Festival,1150,62
Technology,Bangalore,1400,Esports,1150,84
Technology,Pune,1800,Conference,1200,61
Music,Chennai,850,Workshop,700,74
Photography,Mumbai,650,Football,550,89
Travel,Coimbatore,950,Conference,1200,71
Sports,Madurai,850,Workshop,1050,77
Technology,Kochi,400,Seminar,650,44
Music,Bangalore,250,Football,300,98
Travel,Chennai,250,Football,100,72
Music,Kochi,950,Concert,1600,94
Business,Coimbatore,1150,Esports,950,71
Education,Kochi,700,Seminar,700,56
Art,Trichy,1200,Training,1000,39
Photography,Chennai,1200,Concert,1000,53
Music,Chennai,500,Seminar,400,58
Gaming,Trichy,1000,Conference,1250,79
Health,Coimbatore,700,Exhibition,600,65
Gaming,Kochi,400,Seminar,250,50
Gaming,Hyderabad,1650,Concert,1650,82
Sports,Bangalore,1800,Conference,1500,75
Music,Mumbai,350,Exhibition,350,91
Health,Pune,400,Football,350,66
Technology,Hyderabad,800,Concert,1000,93
Music,Coimbatore,750,Seminar,750,33
Photography,Delhi,250,Exhibition,200,65
Music,Coimbatore,250,Exhibition,300,55
Gaming,Hyderabad,650,Workshop,650,86
Travel,Kochi,350,Festival,600,100
Business,Bangalore,850,Training,700,86
Art,Bangalore,450,Seminar,450,63
Business,Delhi,300,Football,350,83
Education,Madurai,850,Conference,1400,61
Health,Kochi,1000,Workshop,650,65
Music,Kochi,500,Seminar,600,41
Music,Trichy,300,Seminar,300,58
Technology,Kochi,1600,Concert,1050,98
Technology,Mumbai,1300,Festival,1650,78
Photography,Hyderabad,500,Festival,850,90
Sports,Bangalore,500,Workshop,350,62
Health,Mumbai,1650,Concert,1650,85
Travel,Trichy,250,Exhibition,200,73
Gaming,Madurai,1550,Hackathon,1300,79
Photography,Delhi,950,Concert,800,74
Photography,Coimbatore,600,Workshop,400,74
Sports,Hyderabad,1450,Conference,1800,71
Sports,Kochi,800,Training,1000,71
Photography,Chennai,800,Festival,1300,85
Music,Delhi,400,Workshop,500,82
Travel,Chennai,1600,Hackathon,1050,80
Business,Delhi,600,Festival,600,81
Art,Bangalore,2500,Concert,1650,87
Sports,Trichy,2800,Conference,2350,60
Art,Madurai,1500,Concert,1500,81
Business,Mumbai,500,Hackathon,500,75
Sports,Mumbai,350,Concert,450,92
Art,Chennai,1250,Concert,1250,88
Education,Kochi,350,Workshop,350,75
Sports,Bangalore,250,Football,150,85
Sports,Mumbai,950,Concert,1550,85
Business,Bangalore,800,Seminar,550,57
Gaming,Bangalore,350,Football,550,67
Business,Trichy,750,Seminar,750,63
Art,Hyderabad,600,Seminar,400,66
Art,Chennai,2200,Festival,1450,99
Health,Trichy,300,Football,250,96
Health,Madurai,650,Conference,800,79
Sports,Hyderabad,950,Esports,1600,76
Art,Delhi,250,Exhibition,300,46
Business,Chennai,1250,Training,1050,66
Gaming,Chennai,250,Exhibition,100,77
Health,Pune,900,Football,600,96
Art,Mumbai,750,Festival,950,81
Technology,Hyderabad,450,Festival,750,78
Business,Madurai,450,Esports,550,57
Music,Delhi,400,Concert,700,62
Music,Madurai,550,Exhibition,550,64
Sports,Chennai,850,Seminar,700,77
Sports,Mumbai,1800,Conference,1200,62
Technology,Delhi,550,Esports,700,90
Gaming,Coimbatore,2500,Conference,2100,59
Education,Bangalore,400,Training,700,57
Business,Chennai,1100,Concert,900,83
Education,Delhi,350,Seminar,300,64
Travel,Mumbai,1200,Workshop,1000,76
Travel,Trichy,300,Football,500,84
Music,Madurai,800,Festival,1350,92
Health,Coimbatore,600,Hackathon,750,100
Sports,Kochi,500,Workshop,800,63
Gaming,Trichy,500,Hackathon,400,84
Travel,Trichy,700,Football,600,60
Gaming,Chennai,550,Concert,550,78
Technology,Coimbatore,800,Conference,1350,74
Business,Pune,1300,Concert,850,91
Business,Delhi,500,Hackathon,500,90
Gaming,Pune,900,Concert,600,93
Gaming,Pune,500,Hackathon,400,96
Business,Bangalore,1200,Workshop,1000,100
Art,Kochi,450,Football,300,76
Sports,Pune,250,Football,150,83
Education,Pune,450,Exhibition,300,69
Photography,Mumbai,500,Workshop,500,83
Gaming,Chennai,950,Festival,950,68
Art,Coimbatore,1150,Training,950,56
Technology,Chennai,1350,Conference,1700,64
Health,Chennai,900,Concert,900,76
Art,Pune,800,Workshop,550,92
Education,Hyderabad,300,Workshop,500,64
Music,Kochi,900,Hackathon,1100,73
Business,Kochi,500,Hackathon,800,71
Photography,Delhi,900,Festival,900,65
Music,Trichy,550,Festival,550,96
Art,Kochi,700,Exhibition,600,33
Sports,Trichy,900,Festival,1100,63
Health,Pune,600,Concert,750,89
Photography,Kochi,250,Exhibition,250,85
Photography,Trichy,700,Esports,1150,87
Business,Kochi,250,Seminar,250,58
Travel,Hyderabad,2600,Esports,1750,86
Music,Trichy,1000,Training,1250,76
Health,Trichy,800,Workshop,1000,77
Music,Coimbatore,500,Exhibition,600,33
Health,Pune,800,Training,650,77
Sports,Mumbai,850,Concert,1400,88
Music,Pune,650,Football,550,92
Sports,Coimbatore,550,Seminar,550,53
Technology,Mumbai,1250,Hackathon,1050,86
Gaming,Kochi,550,Workshop,450,68
Health,Kochi,650,Concert,650,76
Health,Trichy,350,Festival,550,99
Art,Mumbai,3600,Conference,2400,83
Art,Hyderabad,1000,Training,1000,39
Art,Trichy,1100,Workshop,750,82
Business,Pune,250,Football,400,84
Business,Chennai,1650,Training,1100,74
Health,Coimbatore,1450,Conference,1800,67
Health,Coimbatore,2450,Conference,2450,87
Art,Coimbatore,700,Training,450,64
Sports,Trichy,1600,Esports,1050,67
Gaming,Mumbai,550,Festival,900,65
Travel,Chennai,650,Training,550,71
Photography,Madurai,1700,Conference,1400,79
Sports,Hyderabad,500,Concert,500,78
Art,Mumbai,550,Hackathon,550,63
Business,Hyderabad,950,Hackathon,1200,97
Art,Chennai,700,Festival,900,90
Technology,Mumbai,1650,Conference,1100,73
Technology,Madurai,1050,Exhibition,700,64
Education,Pune,350,Esports,550,80
Business,Pune,1700,Festival,1400,73
Technology,Pune,2550,Festival,1700,94
Art,Chennai,650,Workshop,650,69
Art,Madurai,900,Exhibition,600,55
Sports,Delhi,600,Training,600,70
Gaming,Pune,350,Festival,550,97
Photography,Kochi,1100,Esports,1100,50
Music,Delhi,400,Concert,500,68
Business,Chennai,250,Seminar,400,70
Music,Kochi,350,Football,300,69
Travel,Mumbai,900,Training,600,61
Gaming,Delhi,2250,Hackathon,1500,56
Health,Delhi,250,Training,450,70
Health,Kochi,1750,Conference,2200,66
Sports,Mumbai,550,Concert,900,84
Gaming,Hyderabad,600,Workshop,750,82
Education,Coimbatore,250,Exhibition,200,65
Technology,Coimbatore,350,Workshop,350,69
Education,Pune,550,Concert,700,98
Business,Bangalore,300,Exhibition,200,63
Art,Mumbai,250,Exhibition,300,49
Technology,Coimbatore,400,Seminar,400,57
Health,Madurai,2000,Esports,2000,71
Gaming,Trichy,350,Football,550,92
Technology,Kochi,1650,Concert,1650,89
Gaming,Delhi,800,Concert,1000,70
Technology,Bangalore,1500,Esports,1500,82
Art,Coimbatore,1200,Hackathon,1000,83
Photography,Mumbai,1050,Esports,1300,70
Art,Hyderabad,300,Football,500,88
Sports,Trichy,800,Hackathon,800,94
Education,Kochi,1000,Training,1000,88
Travel,Delhi,1500,Concert,1000,85
Education,Bangalore,500,Seminar,500,51
Sports,Pune,750,Hackathon,500,84
Technology,Delhi,1550,Training,1300,64
Photography,Hyderabad,500,Conference,650,71
Photography,Delhi,300,Training,500,59
Technology,Kochi,400,Training,400,83
Business,Hyderabad,900,Training,750,63
Photography,Chennai,1100,Festival,1800,100
Gaming,Bangalore,350,Exhibition,600,60
Technology,Mumbai,2600,Conference,2150,67
Health,Delhi,1150,Conference,950,75
Education,Kochi,650,Football,650,81
Photography,Bangalore,450,Training,750,64
Health,Pune,1000,Training,850,62
Travel,Kochi,1000,Exhibition,650,54
Business,Delhi,1050,Esports,1050,81
Technology,Mumbai,650,Seminar,650,69
Travel,Chennai,1500,Esports,1250,80
Travel,Madurai,600,Workshop,400,58
Sports,Hyderabad,900,Training,1150,64
Technology,Kochi,700,Hackathon,900,74
Education,Kochi,550,Workshop,550,76
Music,Madurai,350,Football,300,86
Photography,Mumbai,250,Football,300,80
Business,Delhi,1850,Festival,1850,100
Health,Trichy,700,Hackathon,1200,70
Travel,Delhi,800,Concert,1000,100
Technology,Delhi,400,Workshop,400,68
Music,Bangalore,900,Seminar,900,49
Photography,Bangalore,1100,Concert,1400,85
Sports,Madurai,350,Festival,600,62
Health,Hyderabad,900,Esports,1100,62
Sports,Delhi,650,Training,1050,65
Sports,Trichy,2500,Esports,2100,100
Art,Pune,650,Concert,550,78
Sports,Bangalore,750,Training,500,61
Gaming,Chennai,450,Seminar,550,93
Technology,Delhi,1750,Esports,1450,86
Gaming,Hyderabad,600,Hackathon,750,84
Education,Hyderabad,1100,Hackathon,1350,92
Technology,Kochi,1650,Training,1100,62
Sports,Delhi,300,Workshop,300,78
Photography,Madurai,1500,Festival,1000,88
Health,Hyderabad,250,Seminar,300,87
Gaming,Madurai,1600,Hackathon,1350,76
Music,Kochi,1000,Training,1250,55
Education,Mumbai,400,Seminar,250,71
Business,Mumbai,250,Seminar,400,74
Gaming,Delhi,1500,Festival,1000,90
Health,Hyderabad,1300,Festival,1300,71
Sports,Bangalore,900,Hackathon,750,58
Gaming,Trichy,1150,Esports,1150,88
Photography,Delhi,700,Hackathon,900,75
Technology,Delhi,250,Seminar,300,65
Technology,Coimbatore,750,Hackathon,950,100
Health,Pune,1150,Esports,950,70
Health,Chennai,3150,Conference,2100,64
Education,Delhi,1050,Training,1300,52
Health,Kochi,1100,Hackathon,900,88
Photography,Hyderabad,1950,Festival,1300,79
Art,Coimbatore,300,Workshop,250,93
Photography,Kochi,400,Football,250,99
Health,Mumbai,700,Football,700,90
Business,Hyderabad,1800,Training,1200,45
Sports,Madurai,650,Training,550,65
Photography,Hyderabad,1050,Conference,700,80
Health,Coimbatore,1350,Festival,1700,74
Music,Madurai,600,Hackathon,500,81
Gaming,Kochi,850,Conference,1450,87
Photography,Bangalore,400,Conference,700,79
Education,Hyderabad,400,Exhibition,400,54
Music,Trichy,1100,Seminar,750,56
Technology,Trichy,1550,Hackathon,1300,80
Technology,Trichy,1050,Workshop,700,56
Education,Bangalore,450,Exhibition,450,42
Technology,Kochi,1200,Concert,1500,69
Art,Pune,800,Football,550,84
Health,Bangalore,500,Hackathon,800,100
Education,Coimbatore,850,Workshop,700,83
Music,Madurai,700,Training,1150,69
Health,Kochi,1150,Festival,950,90
Health,Coimbatore,1250,Concert,1050,96
Education,Pune,2200,Conference,2200,70
Art,Hyderabad,300,Football,500,85
Music,Mumbai,400,Football,350,66
Technology,Coimbatore,550,Workshop,700,90
Business,Hyderabad,250,Seminar,250,57
Technology,Madurai,1000,Conference,1700,84
Health,Mumbai,1600,Conference,1350,95
Technology,Delhi,700,Concert,850,73
Gaming,Bangalore,1150,Esports,950,69
Gaming,Mumbai,500,Training,500,65
Travel,Trichy,500,Workshop,600,59
Music,Madurai,600,Exhibition,400,61
Travel,Kochi,500,Concert,850,89
Art,Trichy,400,Exhibition,350,66
Business,Kochi,900,Training,600,87
Art,Madurai,400,Esports,500,72
Technology,Chennai,1250,Conference,1250,93
Photography,Madurai,350,Hackathon,450,82
Health,Mumbai,400,Concert,700,72
Technology,Pune,2250,Esports,1500,59
Photography,Bangalore,1000,Conference,650,52
Travel,Pune,600,Seminar,400,63
Education,Kochi,300,Exhibition,300,52
Music,Trichy,750,Seminar,500,70
Education,Kochi,250,Workshop,300,83
Sports,Bangalore,1100,Seminar,750,84
Education,Trichy,250,Exhibition,150,44
Business,Pune,800,Concert,550,99
Sports,Mumbai,450,Esports,550,82
Photography,Madurai,300,Football,250,100
Education,Coimbatore,2650,Conference,2200,71
Sports,Mumbai,400,Training,650,49
Photography,Bangalore,350,Concert,450,67
Education,Chennai,400,Workshop,650,63
Sports,Chennai,400,Training,400,53
Technology,Coimbatore,1150,Concert,950,83
Photography,Hyderabad,1000,Training,1000,89
Sports,Hyderabad,800,Esports,1000,82
Technology,Bangalore,500,Training,500,64
Business,Delhi,250,Seminar,300,46
Business,Mumbai,250,Football,350,80
Business,Coimbatore,450,Seminar,750,53
Travel,Pune,1450,Conference,2450,69
Sports,Bangalore,700,Exhibition,450,54
Travel,Coimbatore,900,Concert,1150,81
Travel,Coimbatore,600,Workshop,750,62
Art,Coimbatore,250,Exhibition,150,25
Music,Delhi,250,Exhibition,450,30
Technology,Trichy,800,Concert,800,95
Education,Mumbai,700,Workshop,850,79
Photography,Chennai,2150,Festival,1800,80
Art,Chennai,1050,Festival,700,90
Business,Madurai,750,Hackathon,1250,79
Technology,Pune,550,Exhibition,550,63
Photography,Chennai,850,Concert,1450,92
Music,Pune,250,Hackathon,450,72
Business,Trichy,650,Football,650,59
Gaming,Mumbai,300,Football,350,95
Art,Coimbatore,1300,Training,850,63
Technology,Hyderabad,250,Training,250,67
Health,Kochi,250,Exhibition,150,30
Travel,Coimbatore,1100,Training,900,62
Gaming,Kochi,300,Exhibition,500,56
Education,Kochi,1150,Concert,950,73
Sports,Chennai,850,Workshop,700,67
Gaming,Coimbatore,250,Exhibition,200,63
Art,Madurai,550,Seminar,550,58
Health,Pune,550,Workshop,550,63
Photography,Trichy,1250,Esports,1550,83
Photography,Chennai,600,Hackathon,600,80
Gaming,Chennai,500,Training,350,64
Technology,Chennai,2400,Festival,1600,91
Art,Coimbatore,1200,Festival,1000,77
Gaming,Bangalore,250,Exhibition,250,72
Health,Pune,800,Workshop,1000,66
Gaming,Mumbai,800,Festival,1300,84
Travel,Trichy,700,Exhibition,700,55
Technology,Kochi,850,Esports,1400,80
Education,Chennai,850,Workshop,1050,70
Sports,Trichy,400,Training,400,60
Photography,Pune,700,Training,700,76
Technology,Mumbai,500,Seminar,800,81
Technology,Bangalore,400,Exhibition,500,31
Health,Coimbatore,1900,Esports,1900,84
Sports,Pune,550,Workshop,450,82
Sports,Mumbai,700,Esports,850,76
Business,Madurai,1050,Concert,700,76
Sports,Madurai,1550,Festival,1550,75
Technology,Madurai,750,Football,500,70
